Loan_ID,Gender,Married,Dependents,Education,Self_Employed,ApplicantIncome,CoapplicantIncome,LoanAmount,Loan_Amount_Term,Credit_History,Property_Area,Dependents_numeric,Credit_History_Status,TotalIncome,LoanAmount_Actual,Loan_to_Income_Ratio,LoanIncomeRatio,Has_Coapplicant
LP001015,Male,Yes,0,Graduate,No,5720.0,0.0,110.0,360.0,1.0,Urban,0.0,Has Credit History,5720.0,110000.0,19.23076923076923,16.36904761904762,0
LP001022,Male,Yes,1,Graduate,No,3076.0,1500.0,126.0,360.0,1.0,Urban,1.0,Has Credit History,4576.0,126000.0,27.534965034965033,22.59684361549498,1
LP001031,Male,Yes,2,Graduate,No,5000.0,1800.0,208.0,360.0,1.0,Urban,2.0,Has Credit History,6800.0,208000.0,30.58823529411765,26.666666666666668,1
LP001035,Male,Yes,2,Graduate,No,2340.0,2546.0,100.0,360.0,,Urban,2.0,Unknown/Not on File,4886.0,100000.0,20.466639377814165,16.989466530750935,1
LP001051,Male,No,0,Not Graduate,No,3276.0,0.0,78.0,360.0,1.0,Urban,0.0,Has Credit History,3276.0,78000.0,23.80952380952381,18.24134705332086,0
LP001054,Male,Yes,0,Not Graduate,Yes,2165.0,3422.0,152.0,360.0,1.0,Urban,0.0,Has Credit History,5587.0,152000.0,27.206013960980847,23.075755275542736,1
LP001055,Female,No,1,Not Graduate,No,2226.0,0.0,59.0,360.0,1.0,Semiurban,1.0,Has Credit History,2226.0,59000.0,26.50494159928122,18.288902665840048,0
LP001056,Male,Yes,2,Not Graduate,No,3881.0,0.0,147.0,360.0,0.0,Rural,2.0,No Credit History,3881.0,147000.0,37.876835867044576,30.11677934849416,0
LP001059,Male,Yes,2,Graduate,No,13633.0,0.0,280.0,240.0,1.0,Urban,2.0,Has Credit History,13633.0,280000.0,20.538399471869727,19.13483222852457,0
LP001067,Male,No,0,Not Graduate,No,2400.0,2400.0,123.0,360.0,1.0,Semiurban,0.0,Has Credit History,4800.0,123000.0,25.625,21.20689655172414,1
LP001078,Male,No,0,Not Graduate,No,3091.0,0.0,90.0,360.0,1.0,Urban,0.0,Has Credit History,3091.0,90000.0,29.11679068262698,21.999511121975065,0
LP001082,Male,Yes,1,Graduate,No,2185.0,1516.0,162.0,360.0,1.0,Semiurban,1.0,Has Credit History,3701.0,162000.0,43.771953526074036,34.46075303126994,1
LP001083,Male,No,3+,Graduate,No,4166.0,0.0,40.0,180.0,,Urban,3.0,Unknown/Not on File,4166.0,40000.0,9.601536245799329,7.742934572202865,0
LP001094,Male,Yes,2,Graduate,No,12173.0,0.0,166.0,360.0,0.0,Semiurban,2.0,No Credit History,12173.0,166000.0,13.63673704099236,12.601533439611327,0
LP001096,Female,No,0,Graduate,No,4666.0,0.0,124.0,360.0,1.0,Semiurban,0.0,Has Credit History,4666.0,124000.0,26.57522503214745,21.884927638545708,0
LP001099,Male,No,1,Graduate,No,5667.0,0.0,131.0,360.0,1.0,Urban,1.0,Has Credit History,5667.0,131000.0,23.116287277218987,19.649017549122544,0
LP001105,Male,Yes,2,Graduate,No,4583.0,2916.0,200.0,360.0,1.0,Urban,2.0,Has Credit History,7499.0,200000.0,26.670222696359513,23.53218025650077,1
LP001107,Male,Yes,3+,Graduate,No,3786.0,333.0,126.0,360.0,1.0,Semiurban,3.0,Has Credit History,4119.0,126000.0,30.58994901675164,24.614182457511234,1
LP001108,Male,Yes,0,Graduate,No,9226.0,7916.0,300.0,360.0,1.0,Urban,0.0,Has Credit History,17142.0,300000.0,17.50087504375219,16.53621430933745,1
LP001115,Male,No,0,Graduate,No,1300.0,3470.0,100.0,180.0,1.0,Semiurban,0.0,Has Credit History,4770.0,100000.0,20.964360587002098,17.331022530329292,1
LP001121,Male,Yes,1,Not Graduate,No,1888.0,1620.0,48.0,360.0,1.0,Urban,1.0,Has Credit History,3508.0,48000.0,13.683010262257696,10.64773735581189,1
LP001124,Female,No,3+,Not Graduate,No,2083.0,0.0,28.0,180.0,1.0,Urban,3.0,Has Credit History,2083.0,28000.0,13.44215074411906,9.082062925721699,0
LP001128,Male,No,0,Graduate,No,3909.0,0.0,101.0,360.0,1.0,Urban,0.0,Has Credit History,3909.0,101000.0,25.837810181632133,20.57445508250153,0
LP001135,Female,No,0,Not Graduate,No,3765.0,0.0,125.0,360.0,1.0,Urban,0.0,Has Credit History,3765.0,125000.0,33.200531208499335,26.23294858342077,0
LP001149,Male,Yes,0,Graduate,No,5400.0,4380.0,290.0,360.0,1.0,Urban,0.0,Has Credit History,9780.0,290000.0,29.652351738241308,26.901669758812616,1
LP001153,Male,No,0,Graduate,No,0.0,24000.0,148.0,360.0,0.0,Rural,0.0,No Credit History,24000.0,148000.0,6.166666666666667,5.92,1
LP001163,Male,Yes,2,Graduate,No,4363.0,1250.0,140.0,360.0,,Urban,2.0,Unknown/Not on File,5613.0,140000.0,24.942098699447712,21.17042189626493,1
LP001169,Male,Yes,0,Graduate,No,7500.0,3750.0,275.0,360.0,1.0,Urban,0.0,Has Credit History,11250.0,275000.0,24.444444444444443,22.448979591836736,1
LP001174,Male,Yes,0,Graduate,No,3772.0,833.0,57.0,360.0,,Semiurban,0.0,Unknown/Not on File,4605.0,57000.0,12.37785016286645,10.169491525423728,1
LP001176,Male,No,0,Graduate,No,2942.0,2382.0,125.0,180.0,1.0,Urban,0.0,Has Credit History,5324.0,125000.0,23.478587528174305,19.76597090449083,1
LP001177,Female,No,0,Not Graduate,No,2478.0,0.0,75.0,360.0,1.0,Semiurban,0.0,Has Credit History,2478.0,75000.0,30.26634382566586,21.56411730879816,0
LP001183,Male,Yes,2,Graduate,No,6250.0,820.0,192.0,360.0,1.0,Urban,2.0,Has Credit History,7070.0,192000.0,27.157001414427157,23.79182156133829,1
LP001185,Male,No,0,Graduate,No,3268.0,1683.0,152.0,360.0,1.0,Semiurban,0.0,Has Credit History,4951.0,152000.0,30.700868511411837,25.54192572676861,1
LP001187,Male,Yes,0,Graduate,No,2783.0,2708.0,158.0,360.0,1.0,Urban,0.0,Has Credit History,5491.0,158000.0,28.774358040429796,24.341395778770607,1
LP001190,Male,Yes,0,Graduate,No,2740.0,1541.0,101.0,360.0,1.0,Urban,0.0,Has Credit History,4281.0,101000.0,23.59261854706844,19.125165688316606,1
LP001203,Male,No,0,Graduate,No,3150.0,0.0,176.0,360.0,0.0,Semiurban,0.0,No Credit History,3150.0,176000.0,55.87301587301587,42.40963855421686,0
LP001208,Male,Yes,2,Graduate,No,7350.0,4029.0,185.0,180.0,1.0,Urban,2.0,Has Credit History,11379.0,185000.0,16.25801915809825,14.944664350916876,1
LP001210,Male,Yes,0,Graduate,Yes,2267.0,2792.0,90.0,360.0,1.0,Urban,0.0,Has Credit History,5059.0,90000.0,17.79007709033406,14.853936293117675,1
LP001211,Male,No,0,Graduate,Yes,5833.0,0.0,116.0,360.0,1.0,Urban,0.0,Has Credit History,5833.0,116000.0,19.886850677181553,16.97643787501829,0
LP001219,Male,No,0,Graduate,No,3643.0,1963.0,138.0,360.0,1.0,Urban,0.0,Has Credit History,5606.0,138000.0,24.616482340349627,20.89009990917348,1
LP001220,Male,Yes,0,Graduate,No,5629.0,818.0,100.0,360.0,1.0,Urban,0.0,Has Credit History,6447.0,100000.0,15.511090429657205,13.428226131328051,1
LP001221,Female,No,0,Graduate,No,3644.0,0.0,110.0,360.0,1.0,Urban,0.0,Has Credit History,3644.0,110000.0,30.186608122941823,23.686477174849266,0
LP001226,Male,Yes,0,Not Graduate,No,1750.0,2024.0,90.0,360.0,1.0,Semiurban,0.0,Has Credit History,3774.0,90000.0,23.84737678855326,18.852115626309175,1
LP001230,Male,No,0,Graduate,No,6500.0,2600.0,200.0,360.0,1.0,Semiurban,0.0,Has Credit History,9100.0,200000.0,21.978021978021978,19.801980198019802,1
LP001231,Female,No,0,Graduate,No,3666.0,0.0,84.0,360.0,1.0,Urban,0.0,Has Credit History,3666.0,84000.0,22.913256955810148,18.00257179597085,0
LP001232,Male,Yes,0,Graduate,No,4260.0,3900.0,185.0,360.0,,Urban,0.0,Unknown/Not on File,8160.0,185000.0,22.67156862745098,20.19650655021834,1
LP001237,Male,Yes,0,Not Graduate,No,4163.0,1475.0,162.0,360.0,1.0,Urban,,Has Credit History,5638.0,162000.0,28.73359347286272,24.404941247363663,1
LP001242,Male,No,0,Not Graduate,No,2356.0,1902.0,108.0,360.0,1.0,Semiurban,0.0,Has Credit History,4258.0,108000.0,25.3640206669798,20.540129326740207,1
LP001268,Male,No,0,Graduate,No,6792.0,3338.0,187.0,360.0,1.0,Urban,0.0,Has Credit History,10130.0,187000.0,18.460019743336623,16.801437556154536,1
LP001270,Male,Yes,3+,Not Graduate,Yes,8000.0,250.0,187.0,360.0,1.0,Semiurban,3.0,Has Credit History,8250.0,187000.0,22.666666666666668,20.216216216216218,1
LP001284,Male,Yes,1,Graduate,No,2419.0,1707.0,124.0,360.0,1.0,Urban,1.0,Has Credit History,4126.0,124000.0,30.05332040717402,24.190401872805303,1
LP001287,Male,Yes,3+,Not Graduate,No,3500.0,833.0,120.0,360.0,1.0,Semiurban,3.0,Has Credit History,4333.0,120000.0,27.6944380336949,22.501406337896118,1
LP001291,Male,Yes,1,Graduate,No,3500.0,3077.0,160.0,360.0,1.0,Semiurban,1.0,Has Credit History,6577.0,160000.0,24.32720085145203,21.116536887950375,1
LP001298,Male,Yes,2,Graduate,No,4116.0,1000.0,30.0,180.0,1.0,Urban,2.0,Has Credit History,5116.0,30000.0,5.863956215793589,4.905166775670373,1
LP001312,Male,Yes,0,Not Graduate,Yes,5293.0,0.0,92.0,360.0,1.0,Urban,0.0,Has Credit History,5293.0,92000.0,17.38144719440771,14.619418401398379,0
LP001313,Male,No,0,Graduate,No,2750.0,0.0,130.0,360.0,0.0,Urban,0.0,No Credit History,2750.0,130000.0,47.27272727272727,34.666666666666664,0
LP001317,Female,No,0,Not Graduate,No,4402.0,0.0,130.0,360.0,1.0,Rural,0.0,Has Credit History,4402.0,130000.0,29.532030895047704,24.06516105146242,0
LP001321,Male,Yes,2,Graduate,No,3613.0,3539.0,134.0,180.0,1.0,Semiurban,2.0,Has Credit History,7152.0,134000.0,18.736017897091724,16.437684003925416,1
LP001323,Female,Yes,2,Graduate,No,2779.0,3664.0,176.0,360.0,0.0,Semiurban,2.0,No Credit History,6443.0,176000.0,27.316467484091262,23.646379148192935,1
LP001324,Male,Yes,3+,Graduate,No,4720.0,0.0,90.0,180.0,1.0,Semiurban,3.0,Has Credit History,4720.0,90000.0,19.06779661016949,15.734265734265735,0
LP001332,Male,Yes,0,Not Graduate,No,2415.0,1721.0,110.0,360.0,1.0,Semiurban,0.0,Has Credit History,4136.0,110000.0,26.595744680851062,21.417445482866043,1
LP001335,Male,Yes,0,Graduate,Yes,7016.0,292.0,125.0,360.0,1.0,Urban,0.0,Has Credit History,7308.0,125000.0,17.10454296661193,15.045739046701975,1
LP001338,Female,No,2,Graduate,No,4968.0,0.0,189.0,360.0,1.0,Semiurban,2.0,Has Credit History,4968.0,189000.0,38.04347826086956,31.668900804289546,0
LP001347,Female,No,0,Graduate,No,2101.0,1500.0,108.0,360.0,0.0,Rural,0.0,No Credit History,3601.0,108000.0,29.991668980838657,23.47315800912845,1
LP001348,Male,Yes,3+,Not Graduate,No,4490.0,0.0,125.0,360.0,1.0,Urban,3.0,Has Credit History,4490.0,125000.0,27.839643652561247,22.768670309653917,0
LP001351,Male,Yes,0,Graduate,No,2917.0,3583.0,138.0,360.0,1.0,Semiurban,0.0,Has Credit History,6500.0,138000.0,21.23076923076923,18.4,1
LP001352,Male,Yes,0,Not Graduate,No,4700.0,0.0,135.0,360.0,0.0,Semiurban,0.0,No Credit History,4700.0,135000.0,28.72340425531915,23.684210526315788,0
LP001358,Male,Yes,0,Graduate,No,3445.0,0.0,130.0,360.0,0.0,Semiurban,0.0,No Credit History,3445.0,130000.0,37.735849056603776,29.246344206974126,0
LP001359,Male,Yes,0,Graduate,No,7666.0,0.0,187.0,360.0,1.0,Semiurban,0.0,Has Credit History,7666.0,187000.0,24.393425515262198,21.578582967920607,0
LP001361,Male,Yes,0,Graduate,No,2458.0,5105.0,188.0,360.0,0.0,Rural,0.0,No Credit History,7563.0,188000.0,24.857860637313234,21.954922340301298,1
LP001366,Female,No,0,Graduate,No,3250.0,0.0,95.0,360.0,1.0,Semiurban,,Has Credit History,3250.0,95000.0,29.23076923076923,22.352941176470587,0
LP001368,Male,No,0,Graduate,No,4463.0,0.0,65.0,360.0,1.0,Semiurban,0.0,Has Credit History,4463.0,65000.0,14.564194488012548,11.898224418817499,0
LP001375,Male,Yes,1,Graduate,No,4083.0,1775.0,139.0,60.0,1.0,Urban,1.0,Has Credit History,5858.0,139000.0,23.72823489245476,20.26829979585885,1
LP001380,Male,Yes,0,Graduate,Yes,3900.0,2094.0,232.0,360.0,1.0,Rural,0.0,Has Credit History,5994.0,232000.0,38.70537203870537,33.17128967686589,1
LP001386,Male,Yes,0,Not Graduate,No,4750.0,3583.0,144.0,360.0,1.0,Semiurban,0.0,Has Credit History,8333.0,144000.0,17.280691227649108,15.429122468659594,1
LP001400,Male,No,0,Graduate,No,3583.0,3435.0,155.0,360.0,1.0,Urban,0.0,Has Credit History,7018.0,155000.0,22.086064405813623,19.331504115739584,1
LP001407,Male,Yes,0,Graduate,No,3189.0,2367.0,186.0,360.0,1.0,Urban,0.0,Has Credit History,5556.0,186000.0,33.47732181425486,28.370957901159244,1
LP001413,Male,No,0,Graduate,Yes,6356.0,0.0,50.0,360.0,1.0,Rural,0.0,Has Credit History,6356.0,50000.0,7.8665827564505975,6.797172376291463,0
LP001415,Male,Yes,1,Graduate,No,3413.0,4053.0,126.0,360.0,1.0,Semiurban,1.0,Has Credit History,7466.0,126000.0,16.87650683096705,14.883061658398297,1
LP001419,Female,Yes,0,Graduate,No,7950.0,0.0,185.0,360.0,1.0,Urban,0.0,Has Credit History,7950.0,185000.0,23.270440251572328,20.670391061452516,0
LP001420,Male,Yes,3+,Graduate,No,3829.0,1103.0,163.0,360.0,0.0,Urban,3.0,No Credit History,4932.0,163000.0,33.04947283049473,27.478084962913012,1
LP001428,Male,Yes,3+,Graduate,No,72529.0,0.0,360.0,360.0,1.0,Urban,3.0,Has Credit History,72529.0,360000.0,4.963531828647851,4.8960274177535394,0
LP001445,Male,Yes,2,Not Graduate,No,4136.0,0.0,149.0,480.0,0.0,Rural,2.0,No Credit History,4136.0,149000.0,36.02514506769826,29.010903426791277,0
LP001446,Male,Yes,0,Graduate,No,8449.0,0.0,257.0,360.0,1.0,Rural,0.0,Has Credit History,8449.0,257000.0,30.417800923186174,27.19864535929728,0
LP001450,Male,Yes,0,Graduate,No,4456.0,0.0,131.0,180.0,0.0,Semiurban,0.0,No Credit History,4456.0,131000.0,29.398563734290843,24.010263929618766,0
LP001452,Male,Yes,2,Graduate,No,4635.0,8000.0,102.0,180.0,1.0,Rural,2.0,Has Credit History,12635.0,102000.0,8.072813612979818,7.480748074807481,1
LP001455,Male,Yes,0,Graduate,No,3571.0,1917.0,135.0,360.0,1.0,Urban,0.0,Has Credit History,5488.0,135000.0,24.599125364431487,20.807644882860664,1
LP001466,Male,No,0,Graduate,No,3066.0,0.0,95.0,360.0,1.0,Semiurban,0.0,Has Credit History,3066.0,95000.0,30.984996738421398,23.364485981308412,0
LP001471,Male,No,2,Not Graduate,No,3235.0,2015.0,77.0,360.0,1.0,Semiurban,2.0,Has Credit History,5250.0,77000.0,14.666666666666666,12.32,1
LP001472,Female,No,0,Graduate,No,5058.0,0.0,200.0,360.0,1.0,Rural,0.0,Has Credit History,5058.0,200000.0,39.541320680110715,33.01419610432486,0
LP001475,Male,Yes,0,Graduate,Yes,3188.0,2286.0,130.0,360.0,,Rural,0.0,Unknown/Not on File,5474.0,130000.0,23.748629886737305,20.080321285140563,1
LP001483,Male,Yes,3+,Graduate,No,13518.0,0.0,390.0,360.0,1.0,Rural,3.0,Has Credit History,13518.0,390000.0,28.850421660008877,26.863204298112688,0
LP001486,Male,Yes,1,Graduate,No,4364.0,2500.0,185.0,360.0,1.0,Semiurban,1.0,Has Credit History,6864.0,185000.0,26.952214452214452,23.524923702950154,1
LP001490,Male,Yes,2,Not Graduate,No,4766.0,1646.0,100.0,360.0,1.0,Semiurban,2.0,Has Credit History,6412.0,100000.0,15.595757953836557,13.491635186184565,1
LP001496,Male,Yes,1,Graduate,No,4609.0,2333.0,123.0,360.0,0.0,Semiurban,1.0,No Credit History,6942.0,123000.0,17.718236819360413,15.487282800302191,1
LP001499,Female,Yes,3+,Graduate,No,6260.0,0.0,110.0,360.0,1.0,Semiurban,3.0,Has Credit History,6260.0,110000.0,17.57188498402556,15.151515151515152,0
LP001500,Male,Yes,1,Graduate,No,3333.0,4200.0,256.0,360.0,1.0,Urban,1.0,Has Credit History,7533.0,256000.0,33.98380459312359,30.00117192077815,1
LP001501,Male,Yes,0,Graduate,No,3500.0,3250.0,140.0,360.0,1.0,Semiurban,0.0,Has Credit History,6750.0,140000.0,20.74074074074074,18.06451612903226,1
LP001517,Male,Yes,3+,Graduate,No,9719.0,0.0,61.0,360.0,1.0,Urban,3.0,Has Credit History,9719.0,61000.0,6.276365881263504,5.690829368411233,0
LP001527,Male,Yes,3+,Graduate,No,6835.0,0.0,188.0,360.0,,Semiurban,3.0,Unknown/Not on File,6835.0,188000.0,27.505486466715436,23.994894703254626,0
LP001534,Male,No,0,Graduate,No,4452.0,0.0,131.0,360.0,1.0,Rural,0.0,Has Credit History,4452.0,131000.0,29.424977538185086,24.027879677182685,0
LP001542,Female,Yes,0,Graduate,No,2262.0,0.0,126.0,480.0,0.0,Semiurban,0.0,No Credit History,2262.0,126000.0,55.70291777188329,38.62660944206009,0
LP001547,Male,Yes,1,Graduate,No,3901.0,0.0,116.0,360.0,1.0,Urban,1.0,Has Credit History,3901.0,116000.0,29.735965137144323,23.668639053254438,0
LP001548,Male,Yes,2,Not Graduate,No,2687.0,0.0,50.0,180.0,1.0,Rural,2.0,Has Credit History,2687.0,50000.0,18.608113137327877,13.561160835367508,0
LP001558,Male,No,0,Graduate,No,2243.0,2233.0,107.0,360.0,,Semiurban,0.0,Unknown/Not on File,4476.0,107000.0,23.905272564789993,19.53981008035062,1
LP001561,Female,Yes,0,Graduate,No,3417.0,1287.0,200.0,360.0,1.0,Semiurban,0.0,Has Credit History,4704.0,200000.0,42.51700680272109,35.06311360448808,1
LP001563,Male,No,0,Graduate,No,1596.0,1760.0,119.0,360.0,0.0,Urban,0.0,No Credit History,3356.0,119000.0,35.45887961859356,27.318640955004593,1
LP001567,Male,Yes,3+,Graduate,No,4513.0,0.0,120.0,360.0,1.0,Rural,3.0,Has Credit History,4513.0,120000.0,26.589851539995568,21.76673317612915,0
LP001568,Male,Yes,0,Graduate,No,4500.0,0.0,140.0,360.0,1.0,Semiurban,0.0,Has Credit History,4500.0,140000.0,31.11111111111111,25.454545454545453,0
LP001573,Male,Yes,0,Not Graduate,No,4523.0,1350.0,165.0,360.0,1.0,Urban,0.0,Has Credit History,5873.0,165000.0,28.094670526136557,24.006983849847227,1
LP001584,Female,No,0,Graduate,Yes,4742.0,0.0,108.0,360.0,1.0,Semiurban,0.0,Has Credit History,4742.0,108000.0,22.775200337410375,18.808777429467085,0
LP001587,Male,Yes,0,Graduate,No,4082.0,0.0,93.0,360.0,1.0,Semiurban,,Has Credit History,4082.0,93000.0,22.782949534541892,18.299881936245573,0
LP001589,Female,No,0,Graduate,No,3417.0,0.0,102.0,360.0,1.0,Urban,0.0,Has Credit History,3417.0,102000.0,29.850746268656717,23.09259678514829,0
LP001591,Female,Yes,2,Graduate,No,2922.0,3396.0,122.0,360.0,1.0,Semiurban,2.0,Has Credit History,6318.0,122000.0,19.30990819879709,16.671221645258267,1
LP001599,Male,Yes,0,Graduate,No,4167.0,4754.0,160.0,360.0,1.0,Rural,0.0,Has Credit History,8921.0,160000.0,17.935209057280574,16.12740651144038,1
LP001601,Male,No,3+,Graduate,No,4243.0,4123.0,157.0,360.0,,Semiurban,3.0,Unknown/Not on File,8366.0,157000.0,18.766435572555583,16.762758915225284,1
LP001607,Female,No,0,Not Graduate,No,0.0,1760.0,180.0,360.0,1.0,Semiurban,0.0,Has Credit History,1760.0,180000.0,102.27272727272727,65.21739130434783,1
LP001611,Male,Yes,1,Graduate,No,1516.0,2900.0,80.0,360.0,0.0,Rural,1.0,No Credit History,4416.0,80000.0,18.115942028985508,14.771048744460856,1
LP001613,Female,No,0,Graduate,No,1762.0,2666.0,104.0,360.0,0.0,Urban,0.0,No Credit History,4428.0,104000.0,23.486901535682023,19.15991156963891,1
LP001622,Male,Yes,2,Graduate,No,724.0,3510.0,213.0,360.0,0.0,Rural,2.0,No Credit History,4234.0,213000.0,50.30703826169107,40.695452808559416,1
LP001627,Male,No,0,Graduate,No,3125.0,0.0,65.0,360.0,1.0,Urban,0.0,Has Credit History,3125.0,65000.0,20.8,15.757575757575758,0
LP001650,Male,Yes,0,Graduate,No,2333.0,3803.0,146.0,360.0,1.0,Rural,0.0,Has Credit History,6136.0,146000.0,23.79400260756193,20.45964125560538,1
LP001651,Male,Yes,3+,Graduate,No,3350.0,1560.0,135.0,360.0,1.0,Urban,3.0,Has Credit History,4910.0,135000.0,27.4949083503055,22.84263959390863,1
LP001652,Male,No,0,Graduate,No,2500.0,6414.0,187.0,360.0,0.0,Rural,0.0,No Credit History,8914.0,187000.0,20.978236481938524,18.862215049425057,1
LP001655,Female,No,0,Graduate,No,12500.0,0.0,300.0,360.0,0.0,Urban,0.0,No Credit History,12500.0,300000.0,24.0,22.22222222222222,0
LP001660,Male,No,0,Graduate,No,4667.0,0.0,120.0,360.0,1.0,Semiurban,0.0,Has Credit History,4667.0,120000.0,25.7124491107778,21.175224986765485,0
LP001662,Male,No,0,Graduate,No,6500.0,0.0,71.0,360.0,0.0,Urban,0.0,No Credit History,6500.0,71000.0,10.923076923076923,9.466666666666667,0
LP001663,Male,Yes,2,Graduate,No,7500.0,0.0,225.0,360.0,1.0,Urban,2.0,Has Credit History,7500.0,225000.0,30.0,26.470588235294116,0
LP001667,Male,No,0,Graduate,No,3073.0,0.0,70.0,180.0,1.0,Urban,0.0,Has Credit History,3073.0,70000.0,22.779043280182233,17.18634912840658,0
LP001695,Male,Yes,1,Not Graduate,No,3321.0,2088.0,70.0,360.0,1.0,Semiurban,1.0,Has Credit History,5409.0,70000.0,12.94139397300795,10.92214073958496,1
LP001703,Male,Yes,0,Graduate,No,3333.0,1270.0,124.0,360.0,1.0,Urban,0.0,Has Credit History,4603.0,124000.0,26.9389528568325,22.131001249330716,1
LP001718,Male,No,0,Graduate,No,3391.0,0.0,132.0,360.0,1.0,Rural,0.0,Has Credit History,3391.0,132000.0,38.926570333235034,30.06148941015714,0
LP001728,Male,Yes,1,Graduate,Yes,3343.0,1517.0,105.0,360.0,1.0,Rural,1.0,Has Credit History,4860.0,105000.0,21.604938271604937,17.918088737201366,1
LP001735,Female,No,1,Graduate,No,3620.0,0.0,90.0,360.0,1.0,Urban,1.0,Has Credit History,3620.0,90000.0,24.861878453038674,19.48051948051948,0
LP001737,Male,No,0,Graduate,No,4000.0,0.0,83.0,84.0,1.0,Urban,0.0,Has Credit History,4000.0,83000.0,20.75,16.6,0
LP001739,Male,Yes,0,Graduate,No,4258.0,0.0,125.0,360.0,1.0,Urban,0.0,Has Credit History,4258.0,125000.0,29.356505401596994,23.773297831875237,0
LP001742,Male,Yes,2,Graduate,No,4500.0,0.0,147.0,360.0,1.0,Rural,2.0,Has Credit History,4500.0,147000.0,32.666666666666664,26.727272727272727,0
LP001757,Male,Yes,1,Graduate,No,2014.0,2925.0,120.0,360.0,1.0,Rural,1.0,Has Credit History,4939.0,120000.0,24.296416278598908,20.205421788179827,1
LP001769,Male,No,0,Graduate,No,3333.0,1250.0,110.0,360.0,1.0,Semiurban,,Has Credit History,4583.0,110000.0,24.001745581496838,19.702668816048718,1
LP001771,Female,No,3+,Graduate,No,4083.0,0.0,103.0,360.0,,Semiurban,3.0,Unknown/Not on File,4083.0,103000.0,25.22654910604947,20.263623844186505,0
LP001785,Male,No,0,Graduate,No,4727.0,0.0,150.0,360.0,0.0,Rural,0.0,No Credit History,4727.0,150000.0,31.732599957689867,26.19172341540073,0
LP001787,Male,Yes,3+,Graduate,No,3089.0,2999.0,100.0,240.0,1.0,Rural,3.0,Has Credit History,6088.0,100000.0,16.4257555847569,14.108352144469526,1
LP001789,Male,Yes,3+,Not Graduate,No,6794.0,528.0,139.0,360.0,0.0,Urban,3.0,No Credit History,7322.0,139000.0,18.983884184649003,16.70271569334295,1
LP001791,Male,Yes,0,Graduate,Yes,32000.0,0.0,550.0,360.0,,Semiurban,0.0,Unknown/Not on File,32000.0,550000.0,17.1875,16.666666666666668,0
LP001794,Male,Yes,2,Graduate,Yes,10890.0,0.0,260.0,12.0,1.0,Rural,2.0,Has Credit History,10890.0,260000.0,23.875114784205692,21.867115222876365,0
LP001797,Female,No,0,Graduate,No,12941.0,0.0,150.0,300.0,1.0,Urban,0.0,Has Credit History,12941.0,150000.0,11.591067150915695,10.759629868732516,0
LP001815,Male,No,0,Not Graduate,No,3276.0,0.0,90.0,360.0,1.0,Semiurban,0.0,Has Credit History,3276.0,90000.0,27.47252747252747,21.04770813844715,0
LP001817,Male,No,0,Not Graduate,Yes,8703.0,0.0,199.0,360.0,0.0,Rural,0.0,No Credit History,8703.0,199000.0,22.865678501666093,20.509120890446255,0
LP001818,Male,Yes,1,Graduate,No,4742.0,717.0,139.0,360.0,1.0,Semiurban,1.0,Has Credit History,5459.0,139000.0,25.462538926543324,21.520359188728907,1
LP001822,Male,No,0,Graduate,No,5900.0,0.0,150.0,360.0,1.0,Urban,0.0,Has Credit History,5900.0,150000.0,25.423728813559322,21.73913043478261,0
LP001827,Male,No,0,Graduate,No,3071.0,4309.0,180.0,360.0,1.0,Urban,0.0,Has Credit History,7380.0,180000.0,24.390243902439025,21.479713603818617,1
LP001831,Male,Yes,0,Graduate,No,2783.0,1456.0,113.0,360.0,1.0,Urban,0.0,Has Credit History,4239.0,113000.0,26.65723047888653,21.569001717885094,1
LP001842,Male,No,0,Graduate,No,5000.0,0.0,148.0,360.0,1.0,Rural,0.0,Has Credit History,5000.0,148000.0,29.6,24.666666666666668,0
LP001853,Male,Yes,1,Not Graduate,No,2463.0,2360.0,117.0,360.0,0.0,Urban,1.0,No Credit History,4823.0,117000.0,24.258760107816713,20.092735703245747,1
LP001855,Male,Yes,2,Graduate,No,4855.0,0.0,72.0,360.0,1.0,Rural,2.0,Has Credit History,4855.0,72000.0,14.830072090628219,12.297181895815541,0
LP001857,Male,No,0,Not Graduate,Yes,1599.0,2474.0,125.0,300.0,1.0,Semiurban,0.0,Has Credit History,4073.0,125000.0,30.689909157868893,24.640252316183716,1
LP001862,Male,Yes,2,Graduate,Yes,4246.0,4246.0,214.0,360.0,1.0,Urban,2.0,Has Credit History,8492.0,214000.0,25.200188412623646,22.54530130636325,1
LP001867,Male,Yes,0,Graduate,No,4333.0,2291.0,133.0,350.0,1.0,Rural,0.0,Has Credit History,6624.0,133000.0,20.07850241545894,17.444910807974818,1
LP001878,Male,No,1,Graduate,No,5823.0,2529.0,187.0,360.0,1.0,Semiurban,1.0,Has Credit History,8352.0,187000.0,22.38984674329502,19.995722840034215,1
LP001881,Male,Yes,0,Not Graduate,No,7895.0,0.0,143.0,360.0,1.0,Rural,0.0,Has Credit History,7895.0,143000.0,18.11272957568081,16.076447442383362,0
LP001886,Male,No,0,Graduate,No,4150.0,4256.0,209.0,360.0,1.0,Rural,0.0,Has Credit History,8406.0,209000.0,24.86319295741137,22.219859664044225,1
LP001906,Male,No,0,Graduate,No,2964.0,0.0,84.0,360.0,0.0,Semiurban,0.0,No Credit History,2964.0,84000.0,28.34008097165992,21.19071644803229,0
LP001909,Male,No,0,Graduate,No,5583.0,0.0,116.0,360.0,1.0,Urban,0.0,Has Credit History,5583.0,116000.0,20.77735984237865,17.621145374449338,0
LP001911,Female,No,0,Graduate,No,2708.0,0.0,65.0,360.0,1.0,Rural,0.0,Has Credit History,2708.0,65000.0,24.002954209748893,17.529665587918014,0
LP001921,Male,No,1,Graduate,No,3180.0,2370.0,80.0,240.0,,Rural,1.0,Unknown/Not on File,5550.0,80000.0,14.414414414414415,12.213740458015268,1
LP001923,Male,No,0,Not Graduate,No,2268.0,0.0,170.0,360.0,0.0,Semiurban,0.0,No Credit History,2268.0,170000.0,74.95590828924162,52.01958384332926,0
LP001933,Male,No,2,Not Graduate,No,1141.0,2017.0,120.0,360.0,0.0,Urban,2.0,No Credit History,3158.0,120000.0,37.998733375554146,28.860028860028862,1
LP001943,Male,Yes,0,Graduate,No,3042.0,3167.0,135.0,360.0,1.0,Urban,0.0,Has Credit History,6209.0,135000.0,21.742631663713965,18.726591760299627,1
LP001950,Female,Yes,3+,Graduate,No,1750.0,2935.0,94.0,360.0,0.0,Semiurban,3.0,No Credit History,4685.0,94000.0,20.064034151547492,16.534740545294635,1
LP001959,Female,Yes,1,Graduate,No,3564.0,0.0,79.0,360.0,1.0,Rural,1.0,Has Credit History,3564.0,79000.0,22.16610549943883,17.309377738825592,0
LP001961,Female,No,0,Graduate,No,3958.0,0.0,110.0,360.0,1.0,Rural,0.0,Has Credit History,3958.0,110000.0,27.791814047498736,22.18636546994756,0
LP001973,Male,Yes,2,Not Graduate,No,4483.0,0.0,130.0,360.0,1.0,Rural,2.0,Has Credit History,4483.0,130000.0,28.998438545616775,23.70964800291811,0
LP001975,Male,Yes,0,Graduate,No,5225.0,0.0,143.0,360.0,1.0,Rural,0.0,Has Credit History,5225.0,143000.0,27.36842105263158,22.971887550200805,0
LP001979,Male,No,0,Graduate,No,3017.0,2845.0,159.0,180.0,0.0,Urban,0.0,No Credit History,5862.0,159000.0,27.123848515864893,23.17108714660449,1
LP001995,Male,Yes,0,Not Graduate,No,2431.0,1820.0,110.0,360.0,0.0,Rural,0.0,No Credit History,4251.0,110000.0,25.8762644083745,20.948390782708053,1
LP001999,Male,Yes,2,Graduate,No,4912.0,4614.0,160.0,360.0,1.0,Rural,2.0,Has Credit History,9526.0,160000.0,16.79613688851564,15.20045601368041,1
LP002007,Male,Yes,2,Not Graduate,No,2500.0,3333.0,131.0,360.0,1.0,Urban,2.0,Has Credit History,5833.0,131000.0,22.458426195782618,19.171666910581003,1
LP002009,Female,No,0,Graduate,No,2918.0,0.0,65.0,360.0,,Rural,0.0,Unknown/Not on File,2918.0,65000.0,22.27553118574366,16.590096988259315,0
LP002016,Male,Yes,2,Graduate,No,5128.0,0.0,143.0,360.0,1.0,Rural,2.0,Has Credit History,5128.0,143000.0,27.886115444617786,23.3355091383812,0
LP002017,Male,Yes,3+,Graduate,No,15312.0,0.0,187.0,360.0,,Urban,3.0,Unknown/Not on File,15312.0,187000.0,12.21264367816092,11.463952918097108,0
LP002018,Male,Yes,2,Graduate,No,3958.0,2632.0,160.0,360.0,1.0,Semiurban,2.0,Has Credit History,6590.0,160000.0,24.279210925644918,21.080368906455863,1
LP002027,Male,Yes,0,Graduate,No,4334.0,2945.0,165.0,360.0,1.0,Semiurban,0.0,Has Credit History,7279.0,165000.0,22.667948894078858,19.92994322985868,1
LP002028,Male,Yes,2,Graduate,No,4358.0,0.0,110.0,360.0,1.0,Urban,2.0,Has Credit History,4358.0,110000.0,25.24093620927031,20.530048525569242,0
LP002042,Female,Yes,1,Graduate,No,4000.0,3917.0,173.0,360.0,1.0,Rural,1.0,Has Credit History,7917.0,173000.0,21.85171150688392,19.401143882471683,1
LP002045,Male,Yes,3+,Graduate,No,10166.0,750.0,150.0,360.0,1.0,Urban,3.0,Has Credit History,10916.0,150000.0,13.741297178453646,12.588116817724067,1
LP002046,Male,Yes,0,Not Graduate,No,4483.0,0.0,135.0,360.0,,Semiurban,0.0,Unknown/Not on File,4483.0,135000.0,30.113763105063573,24.621557541491885,0
LP002047,Male,Yes,2,Not Graduate,No,4521.0,1184.0,150.0,360.0,1.0,Semiurban,2.0,Has Credit History,5705.0,150000.0,26.292725679228745,22.371364653243848,1
LP002056,Male,Yes,2,Graduate,No,9167.0,0.0,235.0,360.0,1.0,Semiurban,2.0,Has Credit History,9167.0,235000.0,25.63543143885677,23.113996262417626,0
LP002057,Male,Yes,0,Not Graduate,No,13083.0,0.0,126.0,360.0,1.0,Rural,0.0,Has Credit History,13083.0,126000.0,9.630818619582664,8.946957324433715,0
LP002059,Male,Yes,2,Graduate,No,7874.0,3967.0,336.0,360.0,1.0,Rural,2.0,Has Credit History,11841.0,336000.0,28.375981758297442,26.166186434078345,1
LP002062,Female,Yes,1,Graduate,No,4333.0,0.0,132.0,84.0,1.0,Rural,1.0,Has Credit History,4333.0,132000.0,30.46388183706439,24.75154697168573,0
LP002064,Male,No,0,Graduate,No,4083.0,0.0,96.0,360.0,1.0,Urban,0.0,Has Credit History,4083.0,96000.0,23.512123438648054,18.88648435963014,0
LP002069,Male,Yes,2,Not Graduate,No,3785.0,2912.0,180.0,360.0,0.0,Rural,2.0,No Credit History,6697.0,180000.0,26.877706435717485,23.385734701831883,1
LP002070,Male,Yes,3+,Not Graduate,No,2654.0,1998.0,128.0,360.0,0.0,Rural,3.0,No Credit History,4652.0,128000.0,27.515047291487534,22.64685067232838,1
LP002077,Male,Yes,1,Graduate,No,10000.0,2690.0,412.0,360.0,1.0,Semiurban,1.0,Has Credit History,12690.0,412000.0,32.46650906225374,30.094959824689557,1
LP002083,Male,No,0,Graduate,Yes,5833.0,0.0,116.0,360.0,1.0,Urban,0.0,Has Credit History,5833.0,116000.0,19.886850677181553,16.97643787501829,0
LP002090,Male,Yes,1,Graduate,No,4796.0,0.0,114.0,360.0,0.0,Semiurban,1.0,No Credit History,4796.0,114000.0,23.769808173477898,19.66873706004141,0
LP002096,Male,Yes,0,Not Graduate,No,2000.0,1600.0,115.0,360.0,1.0,Rural,0.0,Has Credit History,3600.0,115000.0,31.944444444444443,25.000000000000004,1
LP002099,Male,Yes,2,Graduate,No,2540.0,700.0,104.0,360.0,0.0,Urban,2.0,No Credit History,3240.0,104000.0,32.098765432098766,24.528301886792452,1
LP002102,Male,Yes,0,Graduate,Yes,1900.0,1442.0,88.0,360.0,1.0,Rural,0.0,Has Credit History,3342.0,88000.0,26.33153800119689,20.26715799170889,1
LP002105,Male,Yes,0,Graduate,Yes,8706.0,0.0,108.0,480.0,1.0,Rural,0.0,Has Credit History,8706.0,108000.0,12.405237767057201,11.127137852874512,0
LP002107,Male,Yes,3+,Not Graduate,No,2855.0,542.0,90.0,360.0,1.0,Urban,3.0,Has Credit History,3397.0,90000.0,26.493965263467764,20.468501250852853,1
LP002111,Male,Yes,0,Graduate,No,3016.0,1300.0,100.0,360.0,,Urban,,Unknown/Not on File,4316.0,100000.0,23.169601482854496,18.811136192626034,1
LP002117,Female,Yes,0,Graduate,No,3159.0,2374.0,108.0,360.0,1.0,Semiurban,0.0,Has Credit History,5533.0,108000.0,19.519248147478763,16.53145568651462,1
LP002118,Female,No,0,Graduate,No,1937.0,1152.0,78.0,360.0,1.0,Semiurban,0.0,Has Credit History,3089.0,78000.0,25.250890255746196,19.075568598679382,1
LP002123,Male,Yes,0,Graduate,No,2613.0,2417.0,123.0,360.0,1.0,Semiurban,0.0,Has Credit History,5030.0,123000.0,24.45328031809145,20.398009950248756,1
LP002125,Male,Yes,1,Graduate,No,4960.0,2600.0,187.0,360.0,1.0,Semiurban,1.0,Has Credit History,7560.0,187000.0,24.735449735449734,21.845794392523366,1
LP002148,Male,Yes,1,Graduate,No,3074.0,1083.0,146.0,360.0,1.0,Semiurban,1.0,Has Credit History,4157.0,146000.0,35.12148183786385,28.31103354663564,1
LP002152,Female,No,0,Graduate,No,4213.0,0.0,80.0,360.0,1.0,Urban,0.0,Has Credit History,4213.0,80000.0,18.988844054118207,15.346249760214848,0
LP002165,Male,No,1,Not Graduate,No,2038.0,4027.0,100.0,360.0,1.0,Rural,1.0,Has Credit History,6065.0,100000.0,16.488046166529266,14.154281670205236,1
LP002167,Female,No,0,Graduate,No,2362.0,0.0,55.0,360.0,1.0,Urban,0.0,Has Credit History,2362.0,55000.0,23.285351397121083,16.35930993456276,0
LP002168,Male,No,0,Graduate,No,5333.0,2400.0,200.0,360.0,0.0,Rural,0.0,No Credit History,7733.0,200000.0,25.8631837579206,22.901637467078896,1
LP002172,Male,Yes,3+,Graduate,Yes,5384.0,0.0,150.0,360.0,1.0,Semiurban,3.0,Has Credit History,5384.0,150000.0,27.86032689450223,23.496240601503757,0
LP002176,Male,No,0,Graduate,No,5708.0,0.0,150.0,360.0,1.0,Rural,0.0,Has Credit History,5708.0,150000.0,26.278906797477227,22.361359570661897,0
LP002183,Male,Yes,0,Not Graduate,No,3754.0,3719.0,118.0,360.0,1.0,Rural,0.0,Has Credit History,7473.0,118000.0,15.790177974039876,13.926590345804321,1
LP002184,Male,Yes,0,Not Graduate,No,2914.0,2130.0,150.0,300.0,1.0,Urban,0.0,Has Credit History,5044.0,150000.0,29.738302934179224,24.81800132362674,1
LP002186,Male,Yes,0,Not Graduate,No,2747.0,2458.0,118.0,36.0,1.0,Semiurban,0.0,Has Credit History,5205.0,118000.0,22.67050912584054,19.016921837228043,1
LP002192,Male,Yes,0,Graduate,No,7830.0,2183.0,212.0,360.0,1.0,Rural,0.0,Has Credit History,10013.0,212000.0,21.17247578148407,19.24997729955507,1
LP002195,Male,Yes,1,Graduate,Yes,3507.0,3148.0,212.0,360.0,1.0,Rural,1.0,Has Credit History,6655.0,212000.0,31.8557475582269,27.694317439581972,1
LP002208,Male,Yes,1,Graduate,No,3747.0,2139.0,125.0,360.0,1.0,Urban,1.0,Has Credit History,5886.0,125000.0,21.236833163438668,18.152773743828057,1
LP002212,Male,Yes,0,Graduate,No,2166.0,2166.0,108.0,360.0,,Urban,0.0,Unknown/Not on File,4332.0,108000.0,24.930747922437675,20.255063765941486,1
LP002240,Male,Yes,0,Not Graduate,No,3500.0,2168.0,149.0,360.0,1.0,Rural,0.0,Has Credit History,5668.0,149000.0,26.287932251235002,22.345530893821234,1
LP002245,Male,Yes,2,Not Graduate,No,2896.0,0.0,80.0,480.0,1.0,Urban,2.0,Has Credit History,2896.0,80000.0,27.624309392265193,20.53388090349076,0
LP002253,Female,No,1,Graduate,No,5062.0,0.0,152.0,300.0,1.0,Rural,1.0,Has Credit History,5062.0,152000.0,30.0276570525484,25.07423292642692,0
LP002256,Female,No,2,Graduate,Yes,5184.0,0.0,187.0,360.0,0.0,Semiurban,2.0,No Credit History,5184.0,187000.0,36.07253086419753,30.239327296248383,0
LP002257,Female,No,0,Graduate,No,2545.0,0.0,74.0,360.0,1.0,Urban,0.0,Has Credit History,2545.0,74000.0,29.076620825147348,20.87447108603667,0
LP002264,Male,Yes,0,Graduate,No,2553.0,1768.0,102.0,360.0,1.0,Urban,0.0,Has Credit History,4321.0,102000.0,23.605646841009026,19.16932907348243,1
LP002270,Male,Yes,1,Graduate,No,3436.0,3809.0,100.0,360.0,1.0,Rural,1.0,Has Credit History,7245.0,100000.0,13.802622498274673,12.128562765312308,1
LP002279,Male,No,0,Graduate,No,2412.0,2755.0,130.0,360.0,1.0,Rural,0.0,Has Credit History,5167.0,130000.0,25.159667118250436,21.07994162477704,1
LP002286,Male,Yes,3+,Not Graduate,No,5180.0,0.0,125.0,360.0,0.0,Urban,3.0,No Credit History,5180.0,125000.0,24.131274131274132,20.22653721682848,0
LP002294,Male,No,0,Graduate,No,14911.0,14507.0,130.0,360.0,1.0,Semiurban,0.0,Has Credit History,29418.0,130000.0,4.419063158610375,4.273785258728385,1
LP002298,Male,No,0,Graduate,Yes,2860.0,2988.0,138.0,360.0,1.0,Urban,0.0,Has Credit History,5848.0,138000.0,23.59781121751026,20.151869158878505,1
LP002306,Male,Yes,0,Graduate,No,1173.0,1594.0,28.0,180.0,1.0,Rural,0.0,Has Credit History,2767.0,28000.0,10.119262739428985,7.432970533581099,1
LP002310,Female,No,1,Graduate,No,7600.0,0.0,92.0,360.0,1.0,Semiurban,1.0,Has Credit History,7600.0,92000.0,12.105263157894736,10.697674418604652,0
LP002311,Female,Yes,0,Graduate,No,2157.0,1788.0,104.0,360.0,1.0,Urban,0.0,Has Credit History,3945.0,104000.0,26.362484157160964,21.031344792719917,1
LP002316,Male,No,0,Graduate,No,2231.0,2774.0,176.0,360.0,0.0,Urban,0.0,No Credit History,5005.0,176000.0,35.16483516483517,29.308909242298085,1
LP002321,Female,No,0,Graduate,No,2274.0,5211.0,117.0,360.0,0.0,Semiurban,0.0,No Credit History,7485.0,117000.0,15.6312625250501,13.789039481437833,1
LP002325,Male,Yes,2,Not Graduate,No,6166.0,13983.0,102.0,360.0,1.0,Rural,2.0,Has Credit History,20149.0,102000.0,5.062285969527023,4.822923069648683,1
LP002326,Male,Yes,2,Not Graduate,No,2513.0,1110.0,107.0,360.0,1.0,Semiurban,2.0,Has Credit History,3623.0,107000.0,29.533535743858682,23.14514384598745,1
LP002329,Male,No,0,Graduate,No,4333.0,0.0,66.0,480.0,1.0,Urban,0.0,Has Credit History,4333.0,66000.0,15.231940918532194,12.375773485842865,0
LP002333,Male,No,0,Not Graduate,No,3844.0,0.0,105.0,360.0,1.0,Urban,0.0,Has Credit History,3844.0,105000.0,27.315296566077002,21.676300578034684,0
LP002339,Male,Yes,0,Graduate,No,3887.0,1517.0,105.0,360.0,0.0,Semiurban,0.0,No Credit History,5404.0,105000.0,19.430051813471504,16.396002498438477,1
LP002344,Male,Yes,0,Graduate,No,3510.0,828.0,105.0,360.0,1.0,Semiurban,0.0,Has Credit History,4338.0,105000.0,24.20470262793914,19.67028849756463,1
LP002346,Male,Yes,0,Graduate,No,2539.0,1704.0,125.0,360.0,0.0,Rural,0.0,No Credit History,4243.0,125000.0,29.460287532406316,23.841312225824908,1
LP002354,Female,No,0,Not Graduate,No,2107.0,0.0,64.0,360.0,1.0,Semiurban,0.0,Has Credit History,2107.0,64000.0,30.374940673943996,20.598648213710973,0
LP002355,Male,Yes,0,Graduate,No,3186.0,3145.0,150.0,180.0,0.0,Semiurban,0.0,No Credit History,6331.0,150000.0,23.692939504027798,20.461055790478788,1
LP002358,Male,Yes,2,Graduate,Yes,5000.0,2166.0,150.0,360.0,1.0,Urban,2.0,Has Credit History,7166.0,150000.0,20.932179737650014,18.36884643644379,1
LP002360,Male,Yes,0,Graduate,No,10000.0,0.0,126.0,360.0,1.0,Urban,,Has Credit History,10000.0,126000.0,12.6,11.454545454545455,0
LP002375,Male,Yes,0,Not Graduate,Yes,3943.0,0.0,64.0,360.0,1.0,Semiurban,0.0,Has Credit History,3943.0,64000.0,16.23129596753741,12.947602670443052,0
LP002376,Male,No,0,Graduate,No,2925.0,0.0,40.0,180.0,1.0,Rural,0.0,Has Credit History,2925.0,40000.0,13.675213675213675,10.191082802547772,0
LP002383,Male,Yes,3+,Graduate,No,3242.0,437.0,142.0,480.0,0.0,Urban,3.0,No Credit History,3679.0,142000.0,38.59744495786899,30.348365035263942,1
LP002385,Male,Yes,0,Graduate,No,3863.0,0.0,70.0,300.0,1.0,Semiurban,,Has Credit History,3863.0,70000.0,18.12063163344551,14.394406744807734,0
LP002389,Female,No,1,Graduate,No,4028.0,0.0,131.0,360.0,1.0,Semiurban,1.0,Has Credit History,4028.0,131000.0,32.522343594836144,26.054097056483695,0
LP002394,Male,Yes,2,Graduate,No,4010.0,1025.0,120.0,360.0,1.0,Urban,2.0,Has Credit History,5035.0,120000.0,23.833167825223438,19.88400994200497,1
LP002397,Female,Yes,1,Graduate,No,3719.0,1585.0,114.0,360.0,1.0,Urban,1.0,Has Credit History,5304.0,114000.0,21.493212669683256,18.083756345177665,1
LP002399,Male,No,0,Graduate,No,2858.0,0.0,123.0,360.0,0.0,Rural,0.0,No Credit History,2858.0,123000.0,43.037088873338,31.881804043545877,0
LP002400,Female,Yes,0,Graduate,No,3833.0,0.0,92.0,360.0,1.0,Rural,0.0,Has Credit History,3833.0,92000.0,24.002087138012,19.03579557210842,0
LP002402,Male,Yes,0,Graduate,No,3333.0,4288.0,160.0,360.0,1.0,Urban,0.0,Has Credit History,7621.0,160000.0,20.994620128592047,18.559331864052893,1
LP002412,Male,Yes,0,Graduate,No,3007.0,3725.0,151.0,360.0,1.0,Rural,0.0,Has Credit History,6732.0,151000.0,22.430184194890078,19.529229177444385,1
LP002415,Female,No,1,Graduate,No,1850.0,4583.0,81.0,360.0,,Rural,1.0,Unknown/Not on File,6433.0,81000.0,12.591325975439142,10.897349656935289,1
LP002417,Male,Yes,3+,Not Graduate,No,2792.0,2619.0,171.0,360.0,1.0,Semiurban,3.0,Has Credit History,5411.0,171000.0,31.60229162816485,26.672905942910624,1
LP002420,Male,Yes,0,Graduate,No,2982.0,1550.0,110.0,360.0,1.0,Semiurban,0.0,Has Credit History,4532.0,110000.0,24.271844660194176,19.884309472161966,1
LP002425,Male,No,0,Graduate,No,3417.0,738.0,100.0,360.0,,Rural,0.0,Unknown/Not on File,4155.0,100000.0,24.067388688327316,19.398642095053344,1
LP002433,Male,Yes,1,Graduate,No,18840.0,0.0,234.0,360.0,1.0,Rural,1.0,Has Credit History,18840.0,234000.0,12.420382165605096,11.794354838709678,0
LP002440,Male,Yes,2,Graduate,No,2995.0,1120.0,184.0,360.0,1.0,Rural,2.0,Has Credit History,4115.0,184000.0,44.71445929526124,35.972629521016614,1
LP002441,Male,No,0,Graduate,No,3579.0,3308.0,138.0,360.0,,Semiurban,,Unknown/Not on File,6887.0,138000.0,20.03775228691738,17.497147204260177,1
LP002442,Female,Yes,1,Not Graduate,No,3835.0,1400.0,112.0,480.0,0.0,Urban,1.0,No Credit History,5235.0,112000.0,21.39446036294174,17.96311146752205,1
LP002445,Female,No,1,Not Graduate,No,3854.0,3575.0,117.0,360.0,1.0,Rural,1.0,Has Credit History,7429.0,117000.0,15.749091398573158,13.88065013643374,1
LP002450,Male,Yes,2,Graduate,No,5833.0,750.0,49.0,360.0,0.0,Rural,2.0,No Credit History,6583.0,49000.0,7.4434148564484275,6.461822497692206,1
LP002471,Male,No,0,Graduate,No,3508.0,0.0,99.0,360.0,1.0,Rural,0.0,Has Credit History,3508.0,99000.0,28.2212086659065,21.960958296362023,0
LP002476,Female,Yes,3+,Not Graduate,No,1635.0,2444.0,99.0,360.0,1.0,Urban,3.0,Has Credit History,4079.0,99000.0,24.270654572199067,19.49202598936799,1
LP002482,Female,No,0,Graduate,Yes,3333.0,3916.0,212.0,360.0,1.0,Rural,0.0,Has Credit History,7249.0,212000.0,29.245413160435923,25.700084858770765,1
LP002485,Male,No,1,Graduate,No,24797.0,0.0,240.0,360.0,1.0,Semiurban,1.0,Has Credit History,24797.0,240000.0,9.67859015203452,9.303407372950343,0
LP002495,Male,Yes,2,Graduate,No,5667.0,440.0,130.0,360.0,0.0,Semiurban,2.0,No Credit History,6107.0,130000.0,21.287047650237433,18.291824961305753,1
LP002496,Female,No,0,Graduate,No,3500.0,0.0,94.0,360.0,0.0,Semiurban,0.0,No Credit History,3500.0,94000.0,26.857142857142858,20.88888888888889,0
LP002523,Male,Yes,3+,Graduate,No,2773.0,1497.0,108.0,360.0,1.0,Semiurban,3.0,Has Credit History,4270.0,108000.0,25.292740046838407,20.493358633776094,1
LP002542,Male,Yes,0,Graduate,No,6500.0,0.0,144.0,360.0,1.0,Urban,0.0,Has Credit History,6500.0,144000.0,22.153846153846153,19.2,0
LP002550,Female,No,0,Graduate,No,5769.0,0.0,110.0,180.0,1.0,Semiurban,0.0,Has Credit History,5769.0,110000.0,19.06742936384122,16.25055399615896,0
LP002551,Male,Yes,3+,Not Graduate,No,3634.0,910.0,176.0,360.0,0.0,Semiurban,3.0,No Credit History,4544.0,176000.0,38.732394366197184,31.746031746031747,1
LP002553,Male,No,0,Graduate,No,29167.0,0.0,185.0,360.0,1.0,Semiurban,0.0,Has Credit History,29167.0,185000.0,6.3427846538896695,6.13252892233235,0
LP002554,Male,No,0,Graduate,No,2166.0,2057.0,122.0,360.0,1.0,Semiurban,0.0,Has Credit History,4223.0,122000.0,28.88941510774331,23.358223243346735,1
LP002561,Male,Yes,0,Graduate,No,5000.0,0.0,126.0,360.0,1.0,Rural,0.0,Has Credit History,5000.0,126000.0,25.2,21.0,0
LP002566,Female,No,0,Graduate,No,5530.0,0.0,135.0,360.0,,Urban,0.0,Unknown/Not on File,5530.0,135000.0,24.412296564195298,20.673813169984687,0
LP002568,Male,No,0,Not Graduate,No,9000.0,0.0,122.0,360.0,1.0,Rural,0.0,Has Credit History,9000.0,122000.0,13.555555555555555,12.2,0
LP002570,Female,Yes,2,Graduate,No,10000.0,11666.0,460.0,360.0,1.0,Urban,2.0,Has Credit History,21666.0,460000.0,21.231422505307854,20.294714550427955,1
LP002572,Male,Yes,1,Graduate,No,8750.0,0.0,297.0,360.0,1.0,Urban,1.0,Has Credit History,8750.0,297000.0,33.94285714285714,30.46153846153846,0
LP002581,Male,Yes,0,Not Graduate,No,2157.0,2730.0,140.0,360.0,,Rural,0.0,Unknown/Not on File,4887.0,140000.0,28.64743196234909,23.781212841854938,1
LP002584,Male,No,0,Graduate,No,1972.0,4347.0,106.0,360.0,1.0,Rural,0.0,Has Credit History,6319.0,106000.0,16.77480614021206,14.482852848749829,1
LP002592,Male,No,0,Graduate,No,4983.0,0.0,141.0,360.0,1.0,Urban,0.0,Has Credit History,4983.0,141000.0,28.296207104154124,23.56677252214608,0
LP002593,Male,Yes,1,Graduate,No,8333.0,4000.0,126.0,360.0,1.0,Urban,1.0,Has Credit History,12333.0,126000.0,10.216492337630747,9.450236255906397,1
LP002599,Male,Yes,0,Graduate,No,3667.0,2000.0,170.0,360.0,1.0,Semiurban,0.0,Has Credit History,5667.0,170000.0,29.99823539791777,25.498725063746814,1
LP002604,Male,Yes,2,Graduate,No,3166.0,2833.0,145.0,360.0,1.0,Urban,2.0,Has Credit History,5999.0,145000.0,24.17069511585264,20.71724532076011,1
LP002605,Male,No,0,Not Graduate,No,3271.0,0.0,90.0,360.0,1.0,Rural,0.0,Has Credit History,3271.0,90000.0,27.514521553041885,21.07234839616015,0
LP002609,Female,Yes,0,Graduate,No,2241.0,2000.0,88.0,360.0,0.0,Urban,0.0,No Credit History,4241.0,88000.0,20.749823154916292,16.79068879984736,1
LP002610,Male,Yes,1,Not Graduate,No,1792.0,2565.0,128.0,360.0,1.0,Urban,1.0,Has Credit History,4357.0,128000.0,29.37801239384898,23.893970505880155,1
LP002612,Female,Yes,0,Graduate,No,2666.0,0.0,84.0,480.0,1.0,Semiurban,0.0,Has Credit History,2666.0,84000.0,31.50787696924231,22.913256955810148,0
LP002614,Male,No,0,Graduate,No,6478.0,0.0,108.0,360.0,1.0,Semiurban,0.0,Has Credit History,6478.0,108000.0,16.67181228774313,14.442364268520995,0
LP002630,Male,No,0,Not Graduate,No,3808.0,0.0,83.0,360.0,1.0,Rural,0.0,Has Credit History,3808.0,83000.0,21.79621848739496,17.26289517470882,0
LP002635,Female,Yes,2,Not Graduate,No,3729.0,0.0,117.0,360.0,1.0,Semiurban,2.0,Has Credit History,3729.0,117000.0,31.375703942075624,24.74096003383379,0
LP002639,Male,Yes,2,Graduate,No,4120.0,0.0,128.0,360.0,1.0,Rural,2.0,Has Credit History,4120.0,128000.0,31.067961165048544,25.0,0
LP002644,Male,Yes,1,Graduate,Yes,7500.0,0.0,75.0,360.0,1.0,Urban,1.0,Has Credit History,7500.0,75000.0,10.0,8.823529411764707,0
LP002651,Male,Yes,1,Graduate,No,6300.0,0.0,125.0,360.0,0.0,Urban,1.0,No Credit History,6300.0,125000.0,19.841269841269842,17.123287671232877,0
LP002654,Female,No,0,Graduate,Yes,14987.0,0.0,177.0,360.0,1.0,Rural,,Has Credit History,14987.0,177000.0,11.810235537465804,11.071495590167011,0
LP002657,Male,Yes,1,Not Graduate,Yes,570.0,2125.0,68.0,360.0,1.0,Rural,1.0,Has Credit History,2695.0,68000.0,25.23191094619666,18.40324763193505,1
LP002711,Male,Yes,0,Graduate,No,2600.0,700.0,96.0,360.0,1.0,Semiurban,0.0,Has Credit History,3300.0,96000.0,29.09090909090909,22.325581395348838,1
LP002712,Male,No,2,Not Graduate,No,2733.0,1083.0,180.0,360.0,,Semiurban,2.0,Unknown/Not on File,3816.0,180000.0,47.16981132075472,37.37541528239203,1
LP002721,Male,Yes,2,Graduate,Yes,7500.0,0.0,183.0,360.0,1.0,Rural,2.0,Has Credit History,7500.0,183000.0,24.4,21.529411764705884,0
LP002735,Male,Yes,2,Not Graduate,No,3859.0,0.0,121.0,360.0,1.0,Rural,2.0,Has Credit History,3859.0,121000.0,31.355273386887795,24.902243259930028,0
LP002744,Male,Yes,1,Graduate,No,6825.0,0.0,162.0,360.0,1.0,Rural,1.0,Has Credit History,6825.0,162000.0,23.736263736263737,20.702875399361023,0
LP002745,Male,Yes,0,Graduate,No,3708.0,4700.0,132.0,360.0,1.0,Semiurban,0.0,Has Credit History,8408.0,132000.0,15.699333967649856,14.03061224489796,1
LP002746,Male,No,0,Graduate,No,5314.0,0.0,147.0,360.0,1.0,Urban,0.0,Has Credit History,5314.0,147000.0,27.66277756868649,23.28159645232816,0
LP002747,Female,No,3+,Graduate,No,2366.0,5272.0,153.0,360.0,0.0,Rural,3.0,No Credit History,7638.0,153000.0,20.031421838177533,17.7124334336652,1
LP002754,Male,No,0,Graduate,No,2066.0,2108.0,104.0,84.0,1.0,Urban,,Has Credit History,4174.0,104000.0,24.916147580258745,20.100502512562812,1
LP002759,Male,Yes,2,Graduate,No,5000.0,0.0,149.0,360.0,1.0,Rural,2.0,Has Credit History,5000.0,149000.0,29.8,24.833333333333332,0
LP002760,Female,No,0,Graduate,No,3767.0,0.0,134.0,300.0,1.0,Urban,0.0,Has Credit History,3767.0,134000.0,35.5720732678524,28.10992238305014,0
LP002766,Female,Yes,0,Graduate,No,7859.0,879.0,165.0,180.0,1.0,Semiurban,0.0,Has Credit History,8738.0,165000.0,18.883039597161822,16.943930991990143,1
LP002769,Female,Yes,0,Graduate,No,4283.0,0.0,120.0,360.0,1.0,Rural,0.0,Has Credit History,4283.0,120000.0,28.017744571561987,22.714366837024418,0
LP002774,Male,Yes,0,Not Graduate,No,1700.0,2900.0,67.0,360.0,0.0,Urban,0.0,No Credit History,4600.0,67000.0,14.565217391304348,11.964285714285715,1
LP002775,Male,No,0,Not Graduate,No,4768.0,0.0,125.0,360.0,1.0,Rural,0.0,Has Credit History,4768.0,125000.0,26.216442953020135,21.671289875173372,0
LP002781,Male,No,0,Graduate,No,3083.0,2738.0,120.0,360.0,1.0,Urban,0.0,Has Credit History,5821.0,120000.0,20.61501460230201,17.592728338953233,1
LP002782,Male,Yes,1,Graduate,No,2667.0,1542.0,148.0,360.0,1.0,Rural,1.0,Has Credit History,4209.0,148000.0,35.16274649560466,28.41236321750816,1
LP002786,Female,Yes,0,Not Graduate,No,1647.0,1762.0,181.0,360.0,1.0,Urban,0.0,Has Credit History,3409.0,181000.0,53.09474919331182,41.05239283284192,1
LP002790,Male,Yes,3+,Graduate,No,3400.0,0.0,80.0,120.0,1.0,Urban,3.0,Has Credit History,3400.0,80000.0,23.529411764705884,18.18181818181818,0
LP002791,Male,No,1,Graduate,No,16000.0,5000.0,40.0,360.0,1.0,Semiurban,1.0,Has Credit History,21000.0,40000.0,1.9047619047619047,1.8181818181818181,1
LP002793,Male,Yes,0,Graduate,No,5333.0,0.0,90.0,360.0,1.0,Rural,0.0,Has Credit History,5333.0,90000.0,16.87605475342209,14.211274277593557,0
LP002802,Male,No,0,Graduate,No,2875.0,2416.0,95.0,6.0,0.0,Semiurban,0.0,No Credit History,5291.0,95000.0,17.955017955017954,15.100937847718964,1
LP002803,Male,Yes,1,Not Graduate,No,2600.0,618.0,122.0,360.0,1.0,Semiurban,1.0,Has Credit History,3218.0,122000.0,37.91174642635177,28.92366050260787,1
LP002805,Male,Yes,2,Graduate,No,5041.0,700.0,150.0,360.0,1.0,Urban,2.0,Has Credit History,5741.0,150000.0,26.127852290541718,22.251891410769918,1
LP002806,Male,Yes,3+,Graduate,Yes,6958.0,1411.0,150.0,360.0,1.0,Rural,3.0,Has Credit History,8369.0,150000.0,17.92328832596487,16.01024655779699,1
LP002816,Male,Yes,1,Graduate,No,3500.0,1658.0,104.0,360.0,,Semiurban,1.0,Unknown/Not on File,5158.0,104000.0,20.16285381930981,16.888600194868463,1
LP002823,Male,Yes,0,Graduate,No,5509.0,0.0,143.0,360.0,1.0,Rural,0.0,Has Credit History,5509.0,143000.0,25.957524051552006,21.969580580734366,0
LP002825,Male,Yes,3+,Graduate,No,9699.0,0.0,300.0,360.0,1.0,Urban,3.0,Has Credit History,9699.0,300000.0,30.931023816888338,28.040003738667167,0
LP002826,Female,Yes,1,Not Graduate,No,3621.0,2717.0,171.0,360.0,1.0,Urban,1.0,Has Credit History,6338.0,171000.0,26.980119911644053,23.30335241210139,1
LP002843,Female,Yes,0,Graduate,No,4709.0,0.0,113.0,360.0,1.0,Semiurban,0.0,Has Credit History,4709.0,113000.0,23.996602251008706,19.79330881064985,0
LP002849,Male,Yes,0,Graduate,No,1516.0,1951.0,35.0,360.0,1.0,Semiurban,0.0,Has Credit History,3467.0,35000.0,10.09518315546582,7.835236176404745,1
LP002850,Male,No,2,Graduate,No,2400.0,0.0,46.0,360.0,1.0,Urban,2.0,Has Credit History,2400.0,46000.0,19.166666666666668,13.529411764705882,0
LP002853,Female,No,0,Not Graduate,No,3015.0,2000.0,145.0,360.0,,Urban,0.0,Unknown/Not on File,5015.0,145000.0,28.913260219341975,24.10640066500416,1
LP002856,Male,Yes,0,Graduate,No,2292.0,1558.0,119.0,360.0,1.0,Urban,0.0,Has Credit History,3850.0,119000.0,30.90909090909091,24.536082474226806,1
LP002857,Male,Yes,1,Graduate,Yes,2360.0,3355.0,87.0,240.0,1.0,Rural,1.0,Has Credit History,5715.0,87000.0,15.223097112860893,12.956068503350707,1
LP002858,Female,No,0,Graduate,No,4333.0,2333.0,162.0,360.0,0.0,Rural,0.0,No Credit History,6666.0,162000.0,24.302430243024304,21.132272371510567,1
LP002860,Male,Yes,0,Graduate,Yes,2623.0,4831.0,122.0,180.0,1.0,Semiurban,0.0,Has Credit History,7454.0,122000.0,16.367051247652267,14.43103856162763,1
LP002867,Male,No,0,Graduate,Yes,3972.0,4275.0,187.0,360.0,1.0,Rural,0.0,Has Credit History,8247.0,187000.0,22.674912089244575,20.22277495403915,1
LP002869,Male,Yes,3+,Not Graduate,No,3522.0,0.0,81.0,180.0,1.0,Rural,3.0,Has Credit History,3522.0,81000.0,22.998296422487222,17.912428129146395,0
LP002870,Male,Yes,1,Graduate,No,4700.0,0.0,80.0,360.0,1.0,Urban,1.0,Has Credit History,4700.0,80000.0,17.02127659574468,14.035087719298245,0
LP002876,Male,No,0,Graduate,No,6858.0,0.0,176.0,360.0,1.0,Rural,0.0,Has Credit History,6858.0,176000.0,25.663458734324877,22.3975566301858,0
LP002878,Male,Yes,3+,Graduate,No,8334.0,0.0,260.0,360.0,1.0,Urban,3.0,Has Credit History,8334.0,260000.0,31.197504199664028,27.85515320334262,0
LP002879,Male,Yes,0,Graduate,No,3391.0,1966.0,133.0,360.0,0.0,Rural,0.0,No Credit History,5357.0,133000.0,24.8273287287661,20.921818467830736,1
LP002885,Male,No,0,Not Graduate,No,2868.0,0.0,70.0,360.0,1.0,Urban,0.0,Has Credit History,2868.0,70000.0,24.407252440725244,18.097207859358843,0
LP002890,Male,Yes,2,Not Graduate,No,3418.0,1380.0,135.0,360.0,1.0,Urban,2.0,Has Credit History,4798.0,135000.0,28.136723634847854,23.28389099689548,1
LP002891,Male,Yes,0,Graduate,Yes,2500.0,296.0,137.0,300.0,1.0,Rural,0.0,Has Credit History,2796.0,137000.0,48.99856938483548,36.090621707060066,1
LP002899,Male,Yes,2,Graduate,No,8667.0,0.0,254.0,360.0,1.0,Rural,2.0,Has Credit History,8667.0,254000.0,29.306565132110304,26.27495603599876,0
LP002901,Male,No,0,Graduate,No,2283.0,15000.0,106.0,360.0,,Rural,0.0,Unknown/Not on File,17283.0,106000.0,6.133194468552913,5.797735601378329,1
LP002907,Male,Yes,0,Graduate,No,5817.0,910.0,109.0,360.0,1.0,Urban,0.0,Has Credit History,6727.0,109000.0,16.203359595659283,14.106380225184418,1
LP002920,Male,Yes,0,Graduate,No,5119.0,3769.0,120.0,360.0,1.0,Rural,0.0,Has Credit History,8888.0,120000.0,13.501350135013501,12.135922330097088,1
LP002921,Male,Yes,3+,Not Graduate,No,5316.0,187.0,158.0,180.0,0.0,Semiurban,3.0,No Credit History,5503.0,158000.0,28.711611848082864,24.296478548362295,1
LP002932,Male,Yes,3+,Graduate,No,7603.0,1213.0,197.0,360.0,1.0,Urban,3.0,Has Credit History,8816.0,197000.0,22.34573502722323,20.06927465362673,1
LP002935,Male,Yes,1,Graduate,No,3791.0,1936.0,85.0,360.0,1.0,Urban,1.0,Has Credit History,5727.0,85000.0,14.841976602060415,12.63564739111045,1
LP002952,Male,No,0,Graduate,No,2500.0,0.0,60.0,360.0,1.0,Urban,0.0,Has Credit History,2500.0,60000.0,24.0,17.142857142857142,0
LP002954,Male,Yes,2,Not Graduate,No,3132.0,0.0,76.0,360.0,,Rural,2.0,Unknown/Not on File,3132.0,76000.0,24.26564495530013,18.393030009680544,0
LP002962,Male,No,0,Graduate,No,4000.0,2667.0,152.0,360.0,1.0,Semiurban,0.0,Has Credit History,6667.0,152000.0,22.79886005699715,19.825224990217816,1
LP002965,Female,Yes,0,Graduate,No,8550.0,4255.0,96.0,360.0,,Urban,0.0,Unknown/Not on File,12805.0,96000.0,7.4970714564623195,6.954002173125679,1
LP002969,Male,Yes,1,Graduate,No,2269.0,2167.0,99.0,360.0,1.0,Semiurban,1.0,Has Credit History,4436.0,99000.0,22.31740306582507,18.211920529801326,1
LP002971,Male,Yes,3+,Not Graduate,Yes,4009.0,1777.0,113.0,360.0,1.0,Urban,3.0,Has Credit History,5786.0,113000.0,19.529899758036642,16.651930445033894,1
LP002975,Male,Yes,0,Graduate,No,4158.0,709.0,115.0,360.0,1.0,Urban,0.0,Has Credit History,4867.0,115000.0,23.628518594616807,19.601159025055395,1
LP002980,Male,No,0,Graduate,No,3250.0,1993.0,126.0,360.0,,Semiurban,0.0,Unknown/Not on File,5243.0,126000.0,24.03204272363151,20.182604517059104,1
LP002986,Male,Yes,0,Graduate,No,5000.0,2393.0,158.0,360.0,1.0,Rural,0.0,Has Credit History,7393.0,158000.0,21.371567699174896,18.825211485761944,1
LP002989,Male,No,0,Graduate,Yes,9200.0,0.0,98.0,180.0,1.0,Rural,0.0,Has Credit History,9200.0,98000.0,10.652173913043478,9.607843137254903,0
LP001002,Male,No,0,Graduate,No,5849.0,0.0,126.0,360.0,1.0,Urban,0.0,Has Credit History,5849.0,126000.0,21.542143956231836,18.396846254927727,0
LP001003,Male,Yes,1,Graduate,No,4583.0,1508.0,128.0,360.0,1.0,Rural,1.0,Has Credit History,6091.0,128000.0,21.0146117222131,18.051050627556055,1
LP001005,Male,Yes,0,Graduate,Yes,3000.0,0.0,66.0,360.0,1.0,Urban,0.0,Has Credit History,3000.0,66000.0,22.0,16.5,0
LP001006,Male,Yes,0,Not Graduate,No,2583.0,2358.0,120.0,360.0,1.0,Urban,0.0,Has Credit History,4941.0,120000.0,24.286581663630844,20.198619760983,1
LP001008,Male,No,0,Graduate,No,6000.0,0.0,141.0,360.0,1.0,Urban,0.0,Has Credit History,6000.0,141000.0,23.5,20.142857142857142,0
LP001011,Male,Yes,2,Graduate,Yes,5417.0,4196.0,267.0,360.0,1.0,Urban,2.0,Has Credit History,9613.0,267000.0,27.77488817226672,25.157825308583813,1
LP001013,Male,Yes,0,Not Graduate,No,2333.0,1516.0,95.0,360.0,1.0,Urban,0.0,Has Credit History,3849.0,95000.0,24.68173551571837,19.59166838523407,1
LP001014,Male,Yes,3+,Graduate,No,3036.0,2504.0,158.0,360.0,0.0,Semiurban,3.0,No Credit History,5540.0,158000.0,28.51985559566787,24.159021406727827,1
LP001018,Male,Yes,2,Graduate,No,4006.0,1526.0,168.0,360.0,1.0,Urban,2.0,Has Credit History,5532.0,168000.0,30.36876355748373,25.719534598897734,1
LP001020,Male,Yes,1,Graduate,No,12841.0,10968.0,349.0,360.0,1.0,Semiurban,1.0,Has Credit History,23809.0,349000.0,14.658322483094627,14.067475512918698,1
LP001024,Male,Yes,2,Graduate,No,3200.0,700.0,70.0,360.0,1.0,Urban,2.0,Has Credit History,3900.0,70000.0,17.94871794871795,14.285714285714285,1
LP001027,Male,Yes,2,Graduate,No,2500.0,1840.0,109.0,360.0,1.0,Urban,2.0,Has Credit History,4340.0,109000.0,25.11520737327189,20.411985018726593,1
LP001028,Male,Yes,2,Graduate,No,3073.0,8106.0,200.0,360.0,1.0,Urban,2.0,Has Credit History,11179.0,200000.0,17.890687896949636,16.421709499958947,1
LP001029,Male,No,0,Graduate,No,1853.0,2840.0,114.0,360.0,1.0,Rural,0.0,Has Credit History,4693.0,114000.0,24.291497975708502,20.024591603723874,1
LP001030,Male,Yes,2,Graduate,No,1299.0,1086.0,17.0,120.0,1.0,Urban,2.0,Has Credit History,2385.0,17000.0,7.127882599580713,5.022156573116692,1
LP001032,Male,No,0,Graduate,No,4950.0,0.0,125.0,360.0,1.0,Urban,0.0,Has Credit History,4950.0,125000.0,25.252525252525253,21.008403361344538,0
LP001034,Male,No,1,Not Graduate,No,3596.0,0.0,100.0,240.0,,Urban,1.0,Unknown/Not on File,3596.0,100000.0,27.808676307007786,21.75805047867711,0
LP001036,Female,No,0,Graduate,No,3510.0,0.0,76.0,360.0,0.0,Urban,0.0,No Credit History,3510.0,76000.0,21.65242165242165,16.851441241685144,0
LP001038,Male,Yes,0,Not Graduate,No,4887.0,0.0,133.0,360.0,1.0,Rural,0.0,Has Credit History,4887.0,133000.0,27.215060364231636,22.59215219976219,0
LP001041,Male,Yes,0,Graduate,No,2600.0,3500.0,115.0,360.0,1.0,Urban,0.0,Has Credit History,6100.0,115000.0,18.852459016393443,16.19718309859155,1
LP001043,Male,Yes,0,Not Graduate,No,7660.0,0.0,104.0,360.0,0.0,Urban,0.0,No Credit History,7660.0,104000.0,13.577023498694517,12.009237875288683,0
LP001046,Male,Yes,1,Graduate,No,5955.0,5625.0,315.0,360.0,1.0,Urban,1.0,Has Credit History,11580.0,315000.0,27.202072538860104,25.03974562798092,1
LP001047,Male,Yes,0,Not Graduate,No,2600.0,1911.0,116.0,360.0,0.0,Semiurban,0.0,No Credit History,4511.0,116000.0,25.71491908667701,21.048811467973145,1
LP001050,Male,Yes,2,Not Graduate,No,3365.0,1917.0,112.0,360.0,0.0,Rural,2.0,No Credit History,5282.0,112000.0,21.204089360090876,17.828716969118116,1
LP001052,Male,Yes,1,Graduate,No,3717.0,2925.0,151.0,360.0,,Semiurban,1.0,Unknown/Not on File,6642.0,151000.0,22.73411623005119,19.75922533368228,1
LP001066,Male,Yes,0,Graduate,Yes,9560.0,0.0,191.0,360.0,1.0,Semiurban,0.0,Has Credit History,9560.0,191000.0,19.97907949790795,18.08712121212121,0
LP001068,Male,Yes,0,Graduate,No,2799.0,2253.0,122.0,360.0,1.0,Semiurban,0.0,Has Credit History,5052.0,122000.0,24.14885193982581,20.15862524785195,1
LP001073,Male,Yes,2,Not Graduate,No,4226.0,1040.0,110.0,360.0,1.0,Urban,2.0,Has Credit History,5266.0,110000.0,20.888720091150777,17.555059048834984,1
LP001086,Male,No,0,Not Graduate,No,1442.0,0.0,35.0,360.0,1.0,Urban,0.0,Has Credit History,1442.0,35000.0,24.271844660194176,14.332514332514332,0
LP001087,Female,No,2,Graduate,No,3750.0,2083.0,120.0,360.0,1.0,Semiurban,2.0,Has Credit History,5833.0,120000.0,20.5726041488085,17.561832284501683,1
LP001091,Male,Yes,1,Graduate,No,4166.0,3369.0,201.0,360.0,,Urban,1.0,Unknown/Not on File,7535.0,201000.0,26.675514266755144,23.550087873462214,1
LP001095,Male,No,0,Graduate,No,3167.0,0.0,74.0,360.0,1.0,Urban,0.0,Has Credit History,3167.0,74000.0,23.365961477739184,17.75857931365491,0
LP001097,Male,No,1,Graduate,Yes,4692.0,0.0,106.0,360.0,1.0,Rural,1.0,Has Credit History,4692.0,106000.0,22.59164535379369,18.622628250175683,0
LP001098,Male,Yes,0,Graduate,No,3500.0,1667.0,114.0,360.0,1.0,Semiurban,0.0,Has Credit History,5167.0,114000.0,22.063092703696537,18.485487270958327,1
LP001100,Male,No,3+,Graduate,No,12500.0,3000.0,320.0,360.0,1.0,Rural,3.0,Has Credit History,15500.0,320000.0,20.64516129032258,19.393939393939394,1
LP001106,Male,Yes,0,Graduate,No,2275.0,2067.0,126.0,360.0,1.0,Urban,0.0,Has Credit History,4342.0,126000.0,29.018885306310455,23.58667165855485,1
LP001109,Male,Yes,0,Graduate,No,1828.0,1330.0,100.0,360.0,0.0,Urban,0.0,No Credit History,3158.0,100000.0,31.665611146295124,24.050024050024053,1
LP001112,Female,Yes,0,Graduate,No,3667.0,1459.0,144.0,360.0,1.0,Semiurban,0.0,Has Credit History,5126.0,144000.0,28.092079594225517,23.506366307541626,1
LP001114,Male,No,0,Graduate,No,4166.0,7210.0,184.0,360.0,1.0,Urban,0.0,Has Credit History,11376.0,184000.0,16.17440225035162,14.86748545572075,1
LP001116,Male,No,0,Not Graduate,No,3748.0,1668.0,110.0,360.0,1.0,Semiurban,0.0,Has Credit History,5416.0,110000.0,20.31019202363368,17.144638403990022,1
LP001119,Male,No,0,Graduate,No,3600.0,0.0,80.0,360.0,1.0,Urban,0.0,Has Credit History,3600.0,80000.0,22.22222222222222,17.39130434782609,0
LP001120,Male,No,0,Graduate,No,1800.0,1213.0,47.0,360.0,1.0,Urban,0.0,Has Credit History,3013.0,47000.0,15.599070693660803,11.71193620732619,1
LP001123,Male,Yes,0,Graduate,No,2400.0,0.0,75.0,360.0,,Urban,0.0,Unknown/Not on File,2400.0,75000.0,31.25,22.058823529411764,0
LP001131,Male,Yes,0,Graduate,No,3941.0,2336.0,134.0,360.0,1.0,Semiurban,0.0,Has Credit History,6277.0,134000.0,21.347777600764697,18.41418166826989,1
LP001136,Male,Yes,0,Not Graduate,Yes,4695.0,0.0,96.0,360.0,1.0,Urban,0.0,Has Credit History,4695.0,96000.0,20.447284345047922,16.856892010535557,0
LP001137,Female,No,0,Graduate,No,3410.0,0.0,88.0,360.0,1.0,Urban,0.0,Has Credit History,3410.0,88000.0,25.806451612903224,19.954648526077097,0
LP001138,Male,Yes,1,Graduate,No,5649.0,0.0,44.0,360.0,1.0,Urban,1.0,Has Credit History,5649.0,44000.0,7.788989201628607,6.617536471649872,0
LP001144,Male,Yes,0,Graduate,No,5821.0,0.0,144.0,360.0,1.0,Urban,0.0,Has Credit History,5821.0,144000.0,24.738017522762412,21.11127400674388,0
LP001146,Female,Yes,0,Graduate,No,2645.0,3440.0,120.0,360.0,0.0,Urban,0.0,No Credit History,6085.0,120000.0,19.72062448644207,16.937191249117856,1
LP001151,Female,No,0,Graduate,No,4000.0,2275.0,144.0,360.0,1.0,Semiurban,0.0,Has Credit History,6275.0,144000.0,22.948207171314742,19.79381443298969,1
LP001155,Female,Yes,0,Not Graduate,No,1928.0,1644.0,100.0,360.0,1.0,Semiurban,0.0,Has Credit History,3572.0,100000.0,27.99552071668533,21.872265966754156,1
LP001157,Female,No,0,Graduate,No,3086.0,0.0,120.0,360.0,1.0,Semiurban,0.0,Has Credit History,3086.0,120000.0,38.8852883992223,29.36857562408223,0
LP001164,Female,No,0,Graduate,No,4230.0,0.0,112.0,360.0,1.0,Semiurban,0.0,Has Credit History,4230.0,112000.0,26.47754137115839,21.41491395793499,0
LP001179,Male,Yes,2,Graduate,No,4616.0,0.0,134.0,360.0,1.0,Urban,2.0,Has Credit History,4616.0,134000.0,29.02946273830156,23.860398860398863,0
LP001186,Female,Yes,1,Graduate,Yes,11500.0,0.0,286.0,360.0,0.0,Urban,1.0,No Credit History,11500.0,286000.0,24.869565217391305,22.88,0
LP001194,Male,Yes,2,Graduate,No,2708.0,1167.0,97.0,360.0,1.0,Semiurban,2.0,Has Credit History,3875.0,97000.0,25.032258064516128,19.897435897435898,1
LP001195,Male,Yes,0,Graduate,No,2132.0,1591.0,96.0,360.0,1.0,Semiurban,0.0,Has Credit History,3723.0,96000.0,25.785656728444803,20.326063942409487,1
LP001197,Male,Yes,0,Graduate,No,3366.0,2200.0,135.0,360.0,1.0,Rural,0.0,Has Credit History,5566.0,135000.0,24.254401724757457,20.560462991166617,1
LP001198,Male,Yes,1,Graduate,No,8080.0,2250.0,180.0,360.0,1.0,Urban,1.0,Has Credit History,10330.0,180000.0,17.424975798644724,15.88702559576346,1
LP001199,Male,Yes,2,Not Graduate,No,3357.0,2859.0,144.0,360.0,1.0,Urban,2.0,Has Credit History,6216.0,144000.0,23.166023166023166,19.955654101995563,1
LP001205,Male,Yes,0,Graduate,No,2500.0,3796.0,120.0,360.0,1.0,Urban,0.0,Has Credit History,6296.0,120000.0,19.05972045743329,16.44736842105263,1
LP001206,Male,Yes,3+,Graduate,No,3029.0,0.0,99.0,360.0,1.0,Urban,3.0,Has Credit History,3029.0,99000.0,32.684054143281614,24.571854058078927,0
LP001207,Male,Yes,0,Not Graduate,Yes,2609.0,3449.0,165.0,180.0,0.0,Rural,0.0,No Credit History,6058.0,165000.0,27.23671178606801,23.37772740153018,1
LP001213,Male,Yes,1,Graduate,No,4945.0,0.0,126.0,360.0,0.0,Rural,1.0,No Credit History,4945.0,126000.0,25.480283114256824,21.194280908326323,0
LP001222,Female,No,0,Graduate,No,4166.0,0.0,116.0,360.0,0.0,Semiurban,0.0,No Credit History,4166.0,116000.0,27.84445511281805,22.454510259388307,0
LP001225,Male,Yes,0,Graduate,No,5726.0,4595.0,258.0,360.0,1.0,Semiurban,0.0,Has Credit History,10321.0,258000.0,24.997577754093594,22.789506227365074,1
LP001228,Male,No,0,Not Graduate,No,3200.0,2254.0,126.0,180.0,0.0,Urban,0.0,No Credit History,5454.0,126000.0,23.102310231023104,19.522776572668114,1
LP001233,Male,Yes,1,Graduate,No,10750.0,0.0,312.0,360.0,1.0,Urban,1.0,Has Credit History,10750.0,312000.0,29.023255813953487,26.5531914893617,0
LP001238,Male,Yes,3+,Not Graduate,Yes,7100.0,0.0,125.0,60.0,1.0,Urban,3.0,Has Credit History,7100.0,125000.0,17.6056338028169,15.4320987654321,0
LP001241,Female,No,0,Graduate,No,4300.0,0.0,136.0,360.0,0.0,Semiurban,0.0,No Credit History,4300.0,136000.0,31.627906976744185,25.660377358490567,0
LP001243,Male,Yes,0,Graduate,No,3208.0,3066.0,172.0,360.0,1.0,Urban,0.0,Has Credit History,6274.0,172000.0,27.41472744660504,23.645861974154524,1
LP001245,Male,Yes,2,Not Graduate,Yes,1875.0,1875.0,97.0,360.0,1.0,Semiurban,2.0,Has Credit History,3750.0,97000.0,25.866666666666667,20.42105263157895,1
LP001248,Male,No,0,Graduate,No,3500.0,0.0,81.0,300.0,1.0,Semiurban,0.0,Has Credit History,3500.0,81000.0,23.142857142857142,18.0,0
LP001250,Male,Yes,3+,Not Graduate,No,4755.0,0.0,95.0,360.0,0.0,Semiurban,3.0,No Credit History,4755.0,95000.0,19.978969505783386,16.507384882710685,0
LP001253,Male,Yes,3+,Graduate,Yes,5266.0,1774.0,187.0,360.0,1.0,Semiurban,3.0,Has Credit History,7040.0,187000.0,26.5625,23.258706467661693,1
LP001255,Male,No,0,Graduate,No,3750.0,0.0,113.0,480.0,1.0,Urban,0.0,Has Credit History,3750.0,113000.0,30.133333333333333,23.789473684210527,0
LP001256,Male,No,0,Graduate,No,3750.0,4750.0,176.0,360.0,1.0,Urban,0.0,Has Credit History,8500.0,176000.0,20.705882352941178,18.526315789473685,1
LP001259,Male,Yes,1,Graduate,Yes,1000.0,3022.0,110.0,360.0,1.0,Urban,1.0,Has Credit History,4022.0,110000.0,27.349577324714073,21.90362405416169,1
LP001263,Male,Yes,3+,Graduate,No,3167.0,4000.0,180.0,300.0,0.0,Semiurban,3.0,No Credit History,7167.0,180000.0,25.115110925073253,22.039916738092323,1
LP001264,Male,Yes,3+,Not Graduate,Yes,3333.0,2166.0,130.0,360.0,,Semiurban,3.0,Unknown/Not on File,5499.0,130000.0,23.64066193853428,20.003077396522542,1
LP001265,Female,No,0,Graduate,No,3846.0,0.0,111.0,360.0,1.0,Semiurban,0.0,Has Credit History,3846.0,111000.0,28.861154446177846,22.905489063144863,0
LP001266,Male,Yes,1,Graduate,Yes,2395.0,0.0,126.0,360.0,1.0,Semiurban,1.0,Has Credit History,2395.0,126000.0,52.609603340292274,37.11340206185567,0
LP001267,Female,Yes,2,Graduate,No,1378.0,1881.0,167.0,360.0,1.0,Urban,2.0,Has Credit History,3259.0,167000.0,51.2427124884934,39.211082413712134,1
LP001273,Male,Yes,0,Graduate,No,6000.0,2250.0,265.0,360.0,,Semiurban,0.0,Unknown/Not on File,8250.0,265000.0,32.121212121212125,28.64864864864865,1
LP001275,Male,Yes,1,Graduate,No,3988.0,0.0,50.0,240.0,1.0,Urban,1.0,Has Credit History,3988.0,50000.0,12.537612838515546,10.024057738572575,0
LP001279,Male,No,0,Graduate,No,2366.0,2531.0,136.0,360.0,1.0,Semiurban,0.0,Has Credit History,4897.0,136000.0,27.77210537063508,23.062574190266236,1
LP001280,Male,Yes,2,Not Graduate,No,3333.0,2000.0,99.0,360.0,,Semiurban,2.0,Unknown/Not on File,5333.0,99000.0,18.5636602287643,15.632401705352914,1
LP001282,Male,Yes,0,Graduate,No,2500.0,2118.0,104.0,360.0,1.0,Semiurban,0.0,Has Credit History,4618.0,104000.0,22.52057167605024,18.51192595229619,1
LP001289,Male,No,0,Graduate,No,8566.0,0.0,210.0,360.0,1.0,Urban,0.0,Has Credit History,8566.0,210000.0,24.515526500116742,21.95274932051014,0
LP001310,Male,Yes,0,Graduate,No,5695.0,4167.0,175.0,360.0,1.0,Semiurban,0.0,Has Credit History,9862.0,175000.0,17.744879334820524,16.111213404529554,1
LP001316,Male,Yes,0,Graduate,No,2958.0,2900.0,131.0,360.0,1.0,Semiurban,0.0,Has Credit History,5858.0,131000.0,22.362581085694778,19.10177894429863,1
LP001318,Male,Yes,2,Graduate,No,6250.0,5654.0,188.0,180.0,1.0,Semiurban,2.0,Has Credit History,11904.0,188000.0,15.793010752688172,14.569125852448852,1
LP001319,Male,Yes,2,Not Graduate,No,3273.0,1820.0,81.0,360.0,1.0,Urban,2.0,Has Credit History,5093.0,81000.0,15.904182210877675,13.293943870014772,1
LP001322,Male,No,0,Graduate,No,4133.0,0.0,122.0,360.0,1.0,Semiurban,0.0,Has Credit History,4133.0,122000.0,29.518509557222355,23.76777712838496,0
LP001325,Male,No,0,Not Graduate,No,3620.0,0.0,25.0,120.0,1.0,Semiurban,0.0,Has Credit History,3620.0,25000.0,6.906077348066298,5.411255411255411,0
LP001326,Male,No,0,Graduate,No,6782.0,0.0,126.0,360.0,,Urban,0.0,Unknown/Not on File,6782.0,126000.0,18.57859038631672,16.191210485736313,0
LP001327,Female,Yes,0,Graduate,No,2484.0,2302.0,137.0,360.0,1.0,Semiurban,0.0,Has Credit History,4786.0,137000.0,28.625156707062263,23.67784306947805,1
LP001333,Male,Yes,0,Graduate,No,1977.0,997.0,50.0,360.0,1.0,Semiurban,0.0,Has Credit History,2974.0,50000.0,16.812373907195695,12.581781580271766,1
LP001334,Male,Yes,0,Not Graduate,No,4188.0,0.0,115.0,180.0,1.0,Semiurban,0.0,Has Credit History,4188.0,115000.0,27.45940783190067,22.166538164996147,0
LP001343,Male,Yes,0,Graduate,No,1759.0,3541.0,131.0,360.0,1.0,Semiurban,0.0,Has Credit History,5300.0,131000.0,24.71698113207547,20.793650793650794,1
LP001345,Male,Yes,2,Not Graduate,No,4288.0,3263.0,133.0,180.0,1.0,Urban,2.0,Has Credit History,7551.0,133000.0,17.61356111773275,15.55373640509882,1
LP001349,Male,No,0,Graduate,No,4843.0,3806.0,151.0,360.0,1.0,Semiurban,0.0,Has Credit History,8649.0,151000.0,17.458665741704245,15.64929008187377,1
LP001350,Male,Yes,0,Graduate,No,13650.0,0.0,126.0,360.0,1.0,Urban,,Has Credit History,13650.0,126000.0,9.23076923076923,8.600682593856655,0
LP001356,Male,Yes,0,Graduate,No,4652.0,3583.0,126.0,360.0,1.0,Semiurban,0.0,Has Credit History,8235.0,126000.0,15.300546448087431,13.643746616134273,1
LP001357,Male,Yes,0,Graduate,No,3816.0,754.0,160.0,360.0,1.0,Urban,,Has Credit History,4570.0,160000.0,35.010940919037196,28.725314183123878,1
LP001367,Male,Yes,1,Graduate,No,3052.0,1030.0,100.0,360.0,1.0,Urban,1.0,Has Credit History,4082.0,100000.0,24.49779519843214,19.677292404565133,1
LP001369,Male,Yes,2,Graduate,No,11417.0,1126.0,225.0,360.0,1.0,Urban,2.0,Has Credit History,12543.0,225000.0,17.93829227457546,16.61374880011814,1
LP001370,Male,No,0,Not Graduate,No,7333.0,0.0,120.0,360.0,1.0,Rural,0.0,Has Credit History,7333.0,120000.0,16.36438019909996,14.400576023040921,0
LP001379,Male,Yes,2,Graduate,No,3800.0,3600.0,216.0,360.0,0.0,Urban,2.0,No Credit History,7400.0,216000.0,29.18918918918919,25.71428571428571,1
LP001384,Male,Yes,3+,Not Graduate,No,2071.0,754.0,94.0,480.0,1.0,Semiurban,3.0,Has Credit History,2825.0,94000.0,33.27433628318584,24.57516339869281,1
LP001385,Male,No,0,Graduate,No,5316.0,0.0,136.0,360.0,1.0,Urban,0.0,Has Credit History,5316.0,136000.0,25.583145221971407,21.532615579480684,0
LP001387,Female,Yes,0,Graduate,No,2929.0,2333.0,139.0,360.0,1.0,Semiurban,0.0,Has Credit History,5262.0,139000.0,26.415811478525274,22.197381028425426,1
LP001391,Male,Yes,0,Not Graduate,No,3572.0,4114.0,152.0,360.0,0.0,Rural,0.0,No Credit History,7686.0,152000.0,19.776216497527972,17.499424361040756,1
LP001392,Female,No,1,Graduate,Yes,7451.0,0.0,126.0,360.0,1.0,Semiurban,1.0,Has Credit History,7451.0,126000.0,16.91048181452154,14.90947816826411,0
LP001398,Male,No,0,Graduate,No,5050.0,0.0,118.0,360.0,1.0,Semiurban,0.0,Has Credit History,5050.0,118000.0,23.366336633663366,19.50413223140496,0
LP001401,Male,Yes,1,Graduate,No,14583.0,0.0,185.0,180.0,1.0,Rural,1.0,Has Credit History,14583.0,185000.0,12.686004251525748,11.87191169864596,0
LP001404,Female,Yes,0,Graduate,No,3167.0,2283.0,154.0,360.0,1.0,Semiurban,0.0,Has Credit History,5450.0,154000.0,28.256880733944953,23.875968992248062,1
LP001405,Male,Yes,1,Graduate,No,2214.0,1398.0,85.0,360.0,,Urban,1.0,Unknown/Not on File,3612.0,85000.0,23.53266888150609,18.430182133564614,1
LP001421,Male,Yes,0,Graduate,No,5568.0,2142.0,175.0,360.0,1.0,Rural,0.0,Has Credit History,7710.0,175000.0,22.69779507133593,20.0918484500574,1
LP001422,Female,No,0,Graduate,No,10408.0,0.0,259.0,360.0,1.0,Urban,0.0,Has Credit History,10408.0,259000.0,24.884704073789393,22.70336605890603,0
LP001426,Male,Yes,0,Graduate,No,5667.0,2667.0,180.0,360.0,1.0,Rural,,Has Credit History,8334.0,180000.0,21.598272138228943,19.28433683308335,1
LP001430,Female,No,0,Graduate,No,4166.0,0.0,44.0,360.0,1.0,Semiurban,0.0,Has Credit History,4166.0,44000.0,10.561689870379261,8.517228029423151,0
LP001431,Female,No,0,Graduate,No,2137.0,8980.0,137.0,360.0,0.0,Semiurban,0.0,No Credit History,11117.0,137000.0,12.323468561662319,11.306428984071964,1
LP001432,Male,Yes,2,Graduate,No,2957.0,0.0,81.0,360.0,1.0,Semiurban,2.0,Has Credit History,2957.0,81000.0,27.392627663172135,20.470053070507962,0
LP001439,Male,Yes,0,Not Graduate,No,4300.0,2014.0,194.0,360.0,1.0,Rural,0.0,Has Credit History,6314.0,194000.0,30.725372188786825,26.52447361225048,1
LP001443,Female,No,0,Graduate,No,3692.0,0.0,93.0,360.0,,Rural,0.0,Unknown/Not on File,3692.0,93000.0,25.189599133261105,19.82097186700767,0
LP001448,Male,Yes,3+,Graduate,No,23803.0,0.0,370.0,360.0,1.0,Rural,3.0,Has Credit History,23803.0,370000.0,15.544259127000798,14.91755029633512,0
LP001449,Male,No,0,Graduate,No,3865.0,1640.0,126.0,360.0,1.0,Rural,0.0,Has Credit History,5505.0,126000.0,22.888283378746593,19.369715603382016,1
LP001451,Male,Yes,1,Graduate,Yes,10513.0,3850.0,160.0,180.0,0.0,Urban,1.0,No Credit History,14363.0,160000.0,11.139734038849822,10.414632558745037,1
LP001465,Male,Yes,0,Graduate,No,6080.0,2569.0,182.0,360.0,,Rural,0.0,Unknown/Not on File,8649.0,182000.0,21.042895132385247,18.862058244377657,1
LP001469,Male,No,0,Graduate,Yes,20166.0,0.0,650.0,480.0,,Urban,0.0,Unknown/Not on File,20166.0,650000.0,32.2324704948924,30.70962864972125,0
LP001473,Male,No,0,Graduate,No,2014.0,1929.0,74.0,360.0,1.0,Urban,0.0,Has Credit History,3943.0,74000.0,18.76743596246513,14.970665587699779,1
LP001478,Male,No,0,Graduate,No,2718.0,0.0,70.0,360.0,1.0,Semiurban,0.0,Has Credit History,2718.0,70000.0,25.754231052244297,18.827326519634212,0
LP001482,Male,Yes,0,Graduate,Yes,3459.0,0.0,25.0,120.0,1.0,Semiurban,0.0,Has Credit History,3459.0,25000.0,7.227522405319457,5.606638259699484,0
LP001487,Male,No,0,Graduate,No,4895.0,0.0,102.0,360.0,1.0,Semiurban,0.0,Has Credit History,4895.0,102000.0,20.83758937691522,17.302798982188296,0
LP001488,Male,Yes,3+,Graduate,No,4000.0,7750.0,290.0,360.0,1.0,Semiurban,3.0,Has Credit History,11750.0,290000.0,24.680851063829788,22.745098039215687,1
LP001489,Female,Yes,0,Graduate,No,4583.0,0.0,84.0,360.0,1.0,Rural,0.0,Has Credit History,4583.0,84000.0,18.328605716779403,15.045674368619022,0
LP001491,Male,Yes,2,Graduate,Yes,3316.0,3500.0,88.0,360.0,1.0,Urban,2.0,Has Credit History,6816.0,88000.0,12.910798122065728,11.258955987717503,1
LP001492,Male,No,0,Graduate,No,14999.0,0.0,242.0,360.0,0.0,Semiurban,0.0,No Credit History,14999.0,242000.0,16.134408960597373,15.125945371585724,0
LP001493,Male,Yes,2,Not Graduate,No,4200.0,1430.0,129.0,360.0,1.0,Rural,2.0,Has Credit History,5630.0,129000.0,22.912966252220247,19.457013574660635,1
LP001497,Male,Yes,2,Graduate,No,5042.0,2083.0,185.0,360.0,1.0,Rural,2.0,Has Credit History,7125.0,185000.0,25.964912280701753,22.76923076923077,1
LP001498,Male,No,0,Graduate,No,5417.0,0.0,168.0,360.0,1.0,Urban,0.0,Has Credit History,5417.0,168000.0,31.013476093778845,26.180458158017768,0
LP001504,Male,No,0,Graduate,Yes,6950.0,0.0,175.0,180.0,1.0,Semiurban,0.0,Has Credit History,6950.0,175000.0,25.179856115107913,22.0125786163522,0
LP001507,Male,Yes,0,Graduate,No,2698.0,2034.0,122.0,360.0,1.0,Semiurban,0.0,Has Credit History,4732.0,122000.0,25.78191039729501,21.284019539427774,1
LP001508,Male,Yes,2,Graduate,No,11757.0,0.0,187.0,180.0,1.0,Urban,2.0,Has Credit History,11757.0,187000.0,15.905418048821979,14.658618797522928,0
LP001514,Female,Yes,0,Graduate,No,2330.0,4486.0,100.0,360.0,1.0,Semiurban,0.0,Has Credit History,6816.0,100000.0,14.671361502347418,12.794268167860798,1
LP001516,Female,Yes,2,Graduate,No,14866.0,0.0,70.0,360.0,1.0,Urban,2.0,Has Credit History,14866.0,70000.0,4.708731333243644,4.411950081936216,0
LP001518,Male,Yes,1,Graduate,No,1538.0,1425.0,30.0,360.0,1.0,Urban,1.0,Has Credit History,2963.0,30000.0,10.12487343908201,7.57002271006813,1
LP001519,Female,No,0,Graduate,No,10000.0,1666.0,225.0,360.0,1.0,Rural,0.0,Has Credit History,11666.0,225000.0,19.286816389507973,17.764092846991947,1
LP001520,Male,Yes,0,Graduate,No,4860.0,830.0,125.0,360.0,1.0,Semiurban,0.0,Has Credit History,5690.0,125000.0,21.968365553602812,18.684603886397607,1
LP001528,Male,No,0,Graduate,No,6277.0,0.0,118.0,360.0,0.0,Rural,0.0,No Credit History,6277.0,118000.0,18.798789230524136,16.215473409371995,0
LP001529,Male,Yes,0,Graduate,Yes,2577.0,3750.0,152.0,360.0,1.0,Rural,0.0,Has Credit History,6327.0,152000.0,24.024024024024023,20.745189026886855,1
LP001531,Male,No,0,Graduate,No,9166.0,0.0,244.0,360.0,1.0,Urban,0.0,Has Credit History,9166.0,244000.0,26.620117826751038,24.001573873696636,0
LP001532,Male,Yes,2,Not Graduate,No,2281.0,0.0,113.0,360.0,1.0,Rural,2.0,Has Credit History,2281.0,113000.0,49.53967558088558,34.44071929289851,0
LP001535,Male,No,0,Graduate,No,3254.0,0.0,50.0,360.0,1.0,Urban,0.0,Has Credit History,3254.0,50000.0,15.365703749231715,11.753643629525154,0
LP001536,Male,Yes,3+,Graduate,No,39999.0,0.0,600.0,180.0,0.0,Semiurban,3.0,No Credit History,39999.0,600000.0,15.000375009375235,14.634503280567818,0
LP001541,Male,Yes,1,Graduate,No,6000.0,0.0,160.0,360.0,,Rural,1.0,Unknown/Not on File,6000.0,160000.0,26.666666666666668,22.857142857142858,0
LP001543,Male,Yes,1,Graduate,No,9538.0,0.0,187.0,360.0,1.0,Urban,1.0,Has Credit History,9538.0,187000.0,19.605787376808554,17.745302713987474,0
LP001546,Male,No,0,Graduate,No,2980.0,2083.0,120.0,360.0,1.0,Rural,0.0,Has Credit History,5063.0,120000.0,23.70136282836263,19.79218208807521,1
LP001552,Male,Yes,0,Graduate,No,4583.0,5625.0,255.0,360.0,1.0,Semiurban,0.0,Has Credit History,10208.0,255000.0,24.980407523510973,22.751605995717345,1
LP001560,Male,Yes,0,Not Graduate,No,1863.0,1041.0,98.0,360.0,1.0,Semiurban,0.0,Has Credit History,2904.0,98000.0,33.7465564738292,25.102459016393443,1
LP001562,Male,Yes,0,Graduate,No,7933.0,0.0,275.0,360.0,1.0,Urban,0.0,Has Credit History,7933.0,275000.0,34.665322072355984,30.784730773536328,0
LP001565,Male,Yes,1,Graduate,No,3089.0,1280.0,121.0,360.0,0.0,Semiurban,1.0,No Credit History,4369.0,121000.0,27.695124742504007,22.536785248649657,1
LP001570,Male,Yes,2,Graduate,No,4167.0,1447.0,158.0,360.0,1.0,Rural,2.0,Has Credit History,5614.0,158000.0,28.14392589953687,23.88872089507106,1
LP001572,Male,Yes,0,Graduate,No,9323.0,0.0,75.0,180.0,1.0,Urban,0.0,Has Credit History,9323.0,75000.0,8.04462083020487,7.265329845975007,0
LP001574,Male,Yes,0,Graduate,No,3707.0,3166.0,182.0,360.0,1.0,Rural,0.0,Has Credit History,6873.0,182000.0,26.480430670740578,23.1169820906897,1
LP001577,Female,Yes,0,Graduate,No,4583.0,0.0,112.0,360.0,1.0,Rural,0.0,Has Credit History,4583.0,112000.0,24.43814095570587,20.060899158158694,0
LP001578,Male,Yes,0,Graduate,No,2439.0,3333.0,129.0,360.0,1.0,Rural,0.0,Has Credit History,5772.0,129000.0,22.34927234927235,19.049025398700532,1
LP001579,Male,No,0,Graduate,No,2237.0,0.0,63.0,480.0,0.0,Semiurban,0.0,No Credit History,2237.0,63000.0,28.162717925793473,19.462465245597777,0
LP001580,Male,Yes,2,Graduate,No,8000.0,0.0,200.0,360.0,1.0,Semiurban,2.0,Has Credit History,8000.0,200000.0,25.0,22.22222222222222,0
LP001581,Male,Yes,0,Not Graduate,No,1820.0,1769.0,95.0,360.0,1.0,Rural,0.0,Has Credit History,3589.0,95000.0,26.469768737809975,20.70167792547396,1
LP001585,Male,Yes,3+,Graduate,No,51763.0,0.0,700.0,300.0,1.0,Urban,3.0,Has Credit History,51763.0,700000.0,13.523172922744045,13.266872619070183,0
LP001586,Male,Yes,3+,Not Graduate,No,3522.0,0.0,81.0,180.0,1.0,Rural,3.0,Has Credit History,3522.0,81000.0,22.998296422487222,17.912428129146395,0
LP001594,Male,Yes,0,Graduate,No,5708.0,5625.0,187.0,360.0,1.0,Semiurban,0.0,Has Credit History,11333.0,187000.0,16.500485308391422,15.162571961404362,1
LP001603,Male,Yes,0,Not Graduate,Yes,4344.0,736.0,87.0,360.0,1.0,Semiurban,0.0,Has Credit History,5080.0,87000.0,17.125984251968504,14.30921052631579,1
LP001606,Male,Yes,0,Graduate,No,3497.0,1964.0,116.0,360.0,1.0,Rural,0.0,Has Credit History,5461.0,116000.0,21.241530855154732,17.953877108806687,1
LP001608,Male,Yes,2,Graduate,No,2045.0,1619.0,101.0,360.0,1.0,Rural,2.0,Has Credit History,3664.0,101000.0,27.565502183406114,21.655231560891938,1
LP001610,Male,Yes,3+,Graduate,No,5516.0,11300.0,495.0,360.0,0.0,Semiurban,3.0,No Credit History,16816.0,495000.0,29.436251189343484,27.784014369106423,1
LP001616,Male,Yes,1,Graduate,No,3750.0,0.0,116.0,360.0,1.0,Semiurban,1.0,Has Credit History,3750.0,116000.0,30.933333333333334,24.42105263157895,0
LP001630,Male,No,0,Not Graduate,No,2333.0,1451.0,102.0,480.0,0.0,Urban,0.0,No Credit History,3784.0,102000.0,26.955602536997887,21.321070234113712,1
LP001633,Male,Yes,1,Graduate,No,6400.0,7250.0,180.0,360.0,0.0,Urban,1.0,No Credit History,13650.0,180000.0,13.186813186813186,12.286689419795222,1
LP001634,Male,No,0,Graduate,No,1916.0,5063.0,67.0,360.0,,Rural,0.0,Unknown/Not on File,6979.0,67000.0,9.60022925920619,8.397042235869156,1
LP001636,Male,Yes,0,Graduate,No,4600.0,0.0,73.0,180.0,1.0,Semiurban,0.0,Has Credit History,4600.0,73000.0,15.869565217391305,13.035714285714286,0
LP001637,Male,Yes,1,Graduate,No,33846.0,0.0,260.0,360.0,1.0,Semiurban,1.0,Has Credit History,33846.0,260000.0,7.68185309933227,7.461401595592034,0
LP001639,Female,Yes,0,Graduate,No,3625.0,0.0,108.0,360.0,1.0,Semiurban,0.0,Has Credit History,3625.0,108000.0,29.79310344827586,23.35135135135135,0
LP001640,Male,Yes,0,Graduate,Yes,39147.0,4750.0,120.0,360.0,1.0,Semiurban,0.0,Has Credit History,43897.0,120000.0,2.7336720049206096,2.6727843731206984,1
LP001641,Male,Yes,1,Graduate,Yes,2178.0,0.0,66.0,300.0,0.0,Rural,1.0,No Credit History,2178.0,66000.0,30.303030303030305,20.76777847702958,0
LP001643,Male,Yes,0,Graduate,No,2383.0,2138.0,58.0,360.0,,Rural,0.0,Unknown/Not on File,4521.0,58000.0,12.829020128290201,10.50534323492121,1
LP001644,Male,Yes,0,Graduate,Yes,674.0,5296.0,168.0,360.0,1.0,Rural,0.0,Has Credit History,5970.0,168000.0,28.14070351758794,24.10329985652798,1
LP001647,Male,Yes,0,Graduate,No,9328.0,0.0,188.0,180.0,1.0,Rural,0.0,Has Credit History,9328.0,188000.0,20.154373927958833,18.20294345468629,0
LP001653,Male,No,0,Not Graduate,No,4885.0,0.0,48.0,360.0,1.0,Rural,0.0,Has Credit History,4885.0,48000.0,9.825997952917094,8.156329651656755,0
LP001656,Male,No,0,Graduate,No,12000.0,0.0,164.0,360.0,1.0,Semiurban,0.0,Has Credit History,12000.0,164000.0,13.666666666666666,12.615384615384615,0
LP001657,Male,Yes,0,Not Graduate,No,6033.0,0.0,160.0,360.0,1.0,Urban,0.0,Has Credit History,6033.0,160000.0,26.52080225426819,22.749893359874875,0
LP001658,Male,No,0,Graduate,No,3858.0,0.0,76.0,360.0,1.0,Semiurban,0.0,Has Credit History,3858.0,76000.0,19.699326075686884,15.644298065047343,0
LP001664,Male,No,0,Graduate,No,4191.0,0.0,120.0,360.0,1.0,Rural,0.0,Has Credit History,4191.0,120000.0,28.63278453829635,23.116933153534966,0
LP001665,Male,Yes,1,Graduate,No,3125.0,2583.0,170.0,360.0,1.0,Semiurban,1.0,Has Credit History,5708.0,170000.0,29.782761037140855,25.34287418008348,1
LP001666,Male,No,0,Graduate,No,8333.0,3750.0,187.0,360.0,1.0,Rural,0.0,Has Credit History,12083.0,187000.0,15.476289001075891,14.293357792555224,1
LP001669,Female,No,0,Not Graduate,No,1907.0,2365.0,120.0,360.0,1.0,Urban,0.0,Has Credit History,4272.0,120000.0,28.089887640449437,22.761760242792107,1
LP001671,Female,Yes,0,Graduate,No,3416.0,2816.0,113.0,360.0,,Semiurban,0.0,Unknown/Not on File,6232.0,113000.0,18.13222079589217,15.625,1
LP001673,Male,No,0,Graduate,Yes,11000.0,0.0,83.0,360.0,1.0,Urban,0.0,Has Credit History,11000.0,83000.0,7.545454545454546,6.916666666666667,0
LP001674,Male,Yes,1,Not Graduate,No,2600.0,2500.0,90.0,360.0,1.0,Semiurban,1.0,Has Credit History,5100.0,90000.0,17.647058823529413,14.754098360655739,1
LP001677,Male,No,2,Graduate,No,4923.0,0.0,166.0,360.0,0.0,Semiurban,2.0,No Credit History,4923.0,166000.0,33.719276863701,28.026338004389668,0
LP001682,Male,Yes,3+,Not Graduate,No,3992.0,0.0,126.0,180.0,1.0,Urban,3.0,Has Credit History,3992.0,126000.0,31.56312625250501,25.240384615384617,0
LP001688,Male,Yes,1,Not Graduate,No,3500.0,1083.0,135.0,360.0,1.0,Urban,1.0,Has Credit History,4583.0,135000.0,29.456687759109755,24.18054809242343,1
LP001691,Male,Yes,2,Not Graduate,No,3917.0,0.0,124.0,360.0,1.0,Semiurban,2.0,Has Credit History,3917.0,124000.0,31.65688026550932,25.218629245474883,0
LP001692,Female,No,0,Not Graduate,No,4408.0,0.0,120.0,360.0,1.0,Semiurban,0.0,Has Credit History,4408.0,120000.0,27.22323049001815,22.189349112426033,0
LP001693,Female,No,0,Graduate,No,3244.0,0.0,80.0,360.0,1.0,Urban,0.0,Has Credit History,3244.0,80000.0,24.66091245376079,18.85014137606032,0
LP001698,Male,No,0,Not Graduate,No,3975.0,2531.0,55.0,360.0,1.0,Rural,0.0,Has Credit History,6506.0,55000.0,8.453735013833384,7.327471356248334,1
LP001699,Male,No,0,Graduate,No,2479.0,0.0,59.0,360.0,1.0,Urban,0.0,Has Credit History,2479.0,59000.0,23.79991932230738,16.958896234550156,0
LP001702,Male,No,0,Graduate,No,3418.0,0.0,127.0,360.0,1.0,Semiurban,0.0,Has Credit History,3418.0,127000.0,37.15623171445289,28.746038931643277,0
LP001708,Female,No,0,Graduate,No,10000.0,0.0,214.0,360.0,1.0,Semiurban,0.0,Has Credit History,10000.0,214000.0,21.4,19.454545454545453,0
LP001711,Male,Yes,3+,Graduate,No,3430.0,1250.0,128.0,360.0,0.0,Semiurban,3.0,No Credit History,4680.0,128000.0,27.35042735042735,22.535211267605636,1
LP001713,Male,Yes,1,Graduate,Yes,7787.0,0.0,240.0,360.0,1.0,Urban,1.0,Has Credit History,7787.0,240000.0,30.820598433286246,27.31307613519973,0
LP001715,Male,Yes,3+,Not Graduate,Yes,5703.0,0.0,130.0,360.0,1.0,Rural,3.0,Has Credit History,5703.0,130000.0,22.79502016482553,19.39430105922721,0
LP001716,Male,Yes,0,Graduate,No,3173.0,3021.0,137.0,360.0,1.0,Urban,0.0,Has Credit History,6194.0,137000.0,22.118178882789795,19.043647484014457,1
LP001720,Male,Yes,3+,Not Graduate,No,3850.0,983.0,100.0,360.0,1.0,Semiurban,3.0,Has Credit History,4833.0,100000.0,20.69108214359611,17.143836790673753,1
LP001722,Male,Yes,0,Graduate,No,150.0,1800.0,135.0,360.0,1.0,Rural,0.0,Has Credit History,1950.0,135000.0,69.23076923076923,45.762711864406775,1
LP001726,Male,Yes,0,Graduate,No,3727.0,1775.0,131.0,360.0,1.0,Semiurban,0.0,Has Credit History,5502.0,131000.0,23.80952380952381,20.14764687788373,1
LP001732,Male,Yes,2,Graduate,No,5000.0,0.0,72.0,360.0,0.0,Semiurban,2.0,No Credit History,5000.0,72000.0,14.4,12.0,0
LP001734,Female,Yes,2,Graduate,No,4283.0,2383.0,127.0,360.0,,Semiurban,2.0,Unknown/Not on File,6666.0,127000.0,19.05190519051905,16.566657970258284,1
LP001736,Male,Yes,0,Graduate,No,2221.0,0.0,60.0,360.0,0.0,Urban,0.0,No Credit History,2221.0,60000.0,27.014858171994597,18.627755355479664,0
LP001743,Male,Yes,2,Graduate,No,4009.0,1717.0,116.0,360.0,1.0,Semiurban,2.0,Has Credit History,5726.0,116000.0,20.258470136220748,17.246506095747844,1
LP001744,Male,No,0,Graduate,No,2971.0,2791.0,144.0,360.0,1.0,Semiurban,0.0,Has Credit History,5762.0,144000.0,24.99132245748004,21.295474711623783,1
LP001749,Male,Yes,0,Graduate,No,7578.0,1010.0,175.0,360.0,1.0,Semiurban,0.0,Has Credit History,8588.0,175000.0,20.3772706101537,18.25198164372132,1
LP001750,Male,Yes,0,Graduate,No,6250.0,0.0,128.0,360.0,1.0,Semiurban,0.0,Has Credit History,6250.0,128000.0,20.48,17.655172413793103,0
LP001751,Male,Yes,0,Graduate,No,3250.0,0.0,170.0,360.0,1.0,Rural,0.0,Has Credit History,3250.0,170000.0,52.30769230769231,40.0,0
LP001754,Male,Yes,0,Not Graduate,Yes,4735.0,0.0,138.0,360.0,1.0,Urban,,Has Credit History,4735.0,138000.0,29.14466737064414,24.06277244986922,0
LP001758,Male,Yes,2,Graduate,No,6250.0,1695.0,210.0,360.0,1.0,Semiurban,2.0,Has Credit History,7945.0,210000.0,26.431718061674008,23.476802683063163,1
LP001760,Male,Yes,0,Graduate,No,4758.0,0.0,158.0,480.0,1.0,Semiurban,,Has Credit History,4758.0,158000.0,33.2072299285414,27.440083362278568,0
LP001761,Male,No,0,Graduate,Yes,6400.0,0.0,200.0,360.0,1.0,Rural,0.0,Has Credit History,6400.0,200000.0,31.25,27.027027027027025,0
LP001765,Male,Yes,1,Graduate,No,2491.0,2054.0,104.0,360.0,1.0,Semiurban,1.0,Has Credit History,4545.0,104000.0,22.882288228822883,18.755635707844906,1
LP001768,Male,Yes,0,Graduate,No,3716.0,0.0,42.0,180.0,1.0,Rural,0.0,Has Credit History,3716.0,42000.0,11.302475780409042,8.905852417302798,0
LP001770,Male,No,0,Not Graduate,No,3189.0,2598.0,120.0,360.0,1.0,Rural,0.0,Has Credit History,5787.0,120000.0,20.73613271124935,17.680860468542804,1
LP001776,Female,No,0,Graduate,No,8333.0,0.0,280.0,360.0,1.0,Semiurban,0.0,Has Credit History,8333.0,280000.0,33.60134405376215,30.001071466838102,0
LP001778,Male,Yes,1,Graduate,No,3155.0,1779.0,140.0,360.0,1.0,Semiurban,1.0,Has Credit History,4934.0,140000.0,28.37454398054317,23.592854735422986,1
LP001784,Male,Yes,1,Graduate,No,5500.0,1260.0,170.0,360.0,1.0,Rural,1.0,Has Credit History,6760.0,170000.0,25.14792899408284,21.90721649484536,1
LP001786,Male,Yes,0,Graduate,No,5746.0,0.0,255.0,360.0,,Urban,0.0,Unknown/Not on File,5746.0,255000.0,44.37869822485207,37.80017788319004,0
LP001788,Female,No,0,Graduate,Yes,3463.0,0.0,122.0,360.0,,Urban,0.0,Unknown/Not on File,3463.0,122000.0,35.229569737222064,27.335872731346626,0
LP001790,Female,No,1,Graduate,No,3812.0,0.0,112.0,360.0,1.0,Rural,1.0,Has Credit History,3812.0,112000.0,29.38090241343127,23.27514546965919,0
LP001792,Male,Yes,1,Graduate,No,3315.0,0.0,96.0,360.0,1.0,Semiurban,1.0,Has Credit History,3315.0,96000.0,28.959276018099548,22.247972190034766,0
LP001798,Male,Yes,2,Graduate,No,5819.0,5000.0,120.0,360.0,1.0,Rural,2.0,Has Credit History,10819.0,120000.0,11.09159811442832,10.153143243929266,1
LP001800,Male,Yes,1,Not Graduate,No,2510.0,1983.0,140.0,180.0,1.0,Urban,1.0,Has Credit History,4493.0,140000.0,31.159581571333185,25.486983433460768,1
LP001806,Male,No,0,Graduate,No,2965.0,5701.0,155.0,60.0,1.0,Urban,0.0,Has Credit History,8666.0,155000.0,17.88599123009462,16.035588661286983,1
LP001807,Male,Yes,2,Graduate,Yes,6250.0,1300.0,108.0,360.0,1.0,Rural,2.0,Has Credit History,7550.0,108000.0,14.304635761589404,12.63157894736842,1
LP001811,Male,Yes,0,Not Graduate,No,3406.0,4417.0,123.0,360.0,1.0,Semiurban,0.0,Has Credit History,7823.0,123000.0,15.722868464783332,13.94083645018701,1
LP001813,Male,No,0,Graduate,Yes,6050.0,4333.0,120.0,180.0,1.0,Urban,0.0,Has Credit History,10383.0,120000.0,11.557353366079168,10.542036370025478,1
LP001814,Male,Yes,2,Graduate,No,9703.0,0.0,112.0,360.0,1.0,Urban,2.0,Has Credit History,9703.0,112000.0,11.542821807688345,10.464355788096796,0
LP001819,Male,Yes,1,Not Graduate,No,6608.0,0.0,137.0,180.0,1.0,Urban,1.0,Has Credit History,6608.0,137000.0,20.732445520581113,18.007360672975814,0
LP001824,Male,Yes,1,Graduate,No,2882.0,1843.0,123.0,480.0,1.0,Semiurban,1.0,Has Credit History,4725.0,123000.0,26.03174603174603,21.48471615720524,1
LP001825,Male,Yes,0,Graduate,No,1809.0,1868.0,90.0,360.0,1.0,Urban,0.0,Has Credit History,3677.0,90000.0,24.476475387544195,19.243104554201413,1
LP001835,Male,Yes,0,Not Graduate,No,1668.0,3890.0,201.0,360.0,0.0,Semiurban,0.0,No Credit History,5558.0,201000.0,36.1640878013674,30.649588289112536,1
LP001836,Female,No,2,Graduate,No,3427.0,0.0,138.0,360.0,1.0,Urban,2.0,Has Credit History,3427.0,138000.0,40.26845637583892,31.172351479557264,0
LP001841,Male,No,0,Not Graduate,Yes,2583.0,2167.0,104.0,360.0,1.0,Rural,0.0,Has Credit History,4750.0,104000.0,21.894736842105264,18.08695652173913,1
LP001843,Male,Yes,1,Not Graduate,No,2661.0,7101.0,279.0,180.0,1.0,Semiurban,1.0,Has Credit History,9762.0,279000.0,28.58020897357099,25.924549340271323,1
LP001844,Male,No,0,Graduate,Yes,16250.0,0.0,192.0,360.0,0.0,Urban,0.0,No Credit History,16250.0,192000.0,11.815384615384616,11.130434782608695,0
LP001846,Female,No,3+,Graduate,No,3083.0,0.0,255.0,360.0,1.0,Rural,3.0,Has Credit History,3083.0,255000.0,82.71164450210834,62.45407788390889,0
LP001849,Male,No,0,Not Graduate,No,6045.0,0.0,115.0,360.0,0.0,Rural,0.0,No Credit History,6045.0,115000.0,19.02398676592225,16.3236337828247,0
LP001854,Male,Yes,3+,Graduate,No,5250.0,0.0,94.0,360.0,1.0,Urban,3.0,Has Credit History,5250.0,94000.0,17.904761904761905,15.04,0
LP001859,Male,Yes,0,Graduate,No,14683.0,2100.0,304.0,360.0,1.0,Rural,0.0,Has Credit History,16783.0,304000.0,18.113567300244295,17.094978350109653,1
LP001864,Male,Yes,3+,Not Graduate,No,4931.0,0.0,128.0,360.0,,Semiurban,3.0,Unknown/Not on File,4931.0,128000.0,25.958223484080307,21.581520822795483,0
LP001865,Male,Yes,1,Graduate,No,6083.0,4250.0,330.0,360.0,,Urban,1.0,Unknown/Not on File,10333.0,330000.0,31.93651408109939,29.11850348539663,1
LP001868,Male,No,0,Graduate,No,2060.0,2209.0,134.0,360.0,1.0,Semiurban,0.0,Has Credit History,4269.0,134000.0,31.389084094635745,25.431770734484722,1
LP001870,Female,No,1,Graduate,No,3481.0,0.0,155.0,36.0,1.0,Semiurban,1.0,Has Credit History,3481.0,155000.0,44.52743464521689,34.590493193483596,0
LP001871,Female,No,0,Graduate,No,7200.0,0.0,120.0,360.0,1.0,Rural,0.0,Has Credit History,7200.0,120000.0,16.666666666666668,14.634146341463415,0
LP001872,Male,No,0,Graduate,Yes,5166.0,0.0,128.0,360.0,1.0,Semiurban,0.0,Has Credit History,5166.0,128000.0,24.77739063104917,20.75900097307817,0
LP001875,Male,No,0,Graduate,No,4095.0,3447.0,151.0,360.0,1.0,Rural,0.0,Has Credit History,7542.0,151000.0,20.02121453195439,17.67735893233435,1
LP001877,Male,Yes,2,Graduate,No,4708.0,1387.0,150.0,360.0,1.0,Semiurban,2.0,Has Credit History,6095.0,150000.0,24.61033634126333,21.141649048625794,1
LP001882,Male,Yes,3+,Graduate,No,4333.0,1811.0,160.0,360.0,0.0,Urban,3.0,No Credit History,6144.0,160000.0,26.041666666666668,22.396416573348265,1
LP001883,Female,No,0,Graduate,No,3418.0,0.0,135.0,360.0,1.0,Rural,0.0,Has Credit History,3418.0,135000.0,39.496781743709775,30.556813037573562,0
LP001884,Female,No,1,Graduate,No,2876.0,1560.0,90.0,360.0,1.0,Urban,1.0,Has Credit History,4436.0,90000.0,20.288548241659154,16.556291390728475,1
LP001888,Female,No,0,Graduate,No,3237.0,0.0,30.0,360.0,1.0,Urban,0.0,Has Credit History,3237.0,30000.0,9.267840593141798,7.080481472740146,0
LP001891,Male,Yes,0,Graduate,No,11146.0,0.0,136.0,360.0,1.0,Urban,0.0,Has Credit History,11146.0,136000.0,12.201686703750225,11.197101926560183,0
LP001892,Male,No,0,Graduate,No,2833.0,1857.0,126.0,360.0,1.0,Rural,0.0,Has Credit History,4690.0,126000.0,26.865671641791046,22.144112478031634,1
LP001894,Male,Yes,0,Graduate,No,2620.0,2223.0,150.0,360.0,1.0,Semiurban,0.0,Has Credit History,4843.0,150000.0,30.97253768325418,25.671743967140166,1
LP001896,Male,Yes,2,Graduate,No,3900.0,0.0,90.0,360.0,1.0,Semiurban,2.0,Has Credit History,3900.0,90000.0,23.076923076923077,18.36734693877551,0
LP001900,Male,Yes,1,Graduate,No,2750.0,1842.0,115.0,360.0,1.0,Semiurban,1.0,Has Credit History,4592.0,115000.0,25.04355400696864,20.565092989985697,1
LP001903,Male,Yes,0,Graduate,No,3993.0,3274.0,207.0,360.0,1.0,Semiurban,0.0,Has Credit History,7267.0,207000.0,28.48493188385854,25.039312930930205,1
LP001904,Male,Yes,0,Graduate,No,3103.0,1300.0,80.0,360.0,1.0,Urban,0.0,Has Credit History,4403.0,80000.0,18.169429934135817,14.806588932074774,1
LP001907,Male,Yes,0,Graduate,No,14583.0,0.0,436.0,360.0,1.0,Semiurban,0.0,Has Credit History,14583.0,436000.0,29.89782623602825,27.97920811140345,0
LP001908,Female,Yes,0,Not Graduate,No,4100.0,0.0,124.0,360.0,,Rural,0.0,Unknown/Not on File,4100.0,124000.0,30.24390243902439,24.31372549019608,0
LP001910,Male,No,1,Not Graduate,Yes,4053.0,2426.0,158.0,360.0,0.0,Urban,1.0,No Credit History,6479.0,158000.0,24.386479394968358,21.12581895975398,1
LP001914,Male,Yes,0,Graduate,No,3927.0,800.0,112.0,360.0,1.0,Semiurban,0.0,Has Credit History,4727.0,112000.0,23.6936746350751,19.556486816832546,1
LP001915,Male,Yes,2,Graduate,No,2301.0,985.7999878,78.0,180.0,1.0,Urban,2.0,Has Credit History,3286.7999878,78000.0,23.731288879615956,18.195390552856153,1
LP001917,Female,No,0,Graduate,No,1811.0,1666.0,54.0,360.0,1.0,Urban,0.0,Has Credit History,3477.0,54000.0,15.530629853321829,12.061648425284789,1
LP001922,Male,Yes,0,Graduate,No,20667.0,0.0,126.0,360.0,1.0,Rural,0.0,Has Credit History,20667.0,126000.0,6.096675860066773,5.815295149305395,0
LP001924,Male,No,0,Graduate,No,3158.0,3053.0,89.0,360.0,1.0,Rural,0.0,Has Credit History,6211.0,89000.0,14.329415553051039,12.342254888364998,1
LP001925,Female,No,0,Graduate,Yes,2600.0,1717.0,99.0,300.0,1.0,Semiurban,0.0,Has Credit History,4317.0,99000.0,22.932592077831828,18.61952228700395,1
LP001926,Male,Yes,0,Graduate,No,3704.0,2000.0,120.0,360.0,1.0,Rural,0.0,Has Credit History,5704.0,120000.0,21.037868162692845,17.899761336515514,1
LP001931,Female,No,0,Graduate,No,4124.0,0.0,115.0,360.0,1.0,Semiurban,0.0,Has Credit History,4124.0,115000.0,27.885548011639184,22.443403590944577,0
LP001935,Male,No,0,Graduate,No,9508.0,0.0,187.0,360.0,1.0,Rural,0.0,Has Credit History,9508.0,187000.0,19.667648296171645,17.795964979063573,0
LP001936,Male,Yes,0,Graduate,No,3075.0,2416.0,139.0,360.0,1.0,Rural,0.0,Has Credit History,5491.0,139000.0,25.314150427973047,21.414265906639965,1
LP001938,Male,Yes,2,Graduate,No,4400.0,0.0,127.0,360.0,0.0,Semiurban,2.0,No Credit History,4400.0,127000.0,28.863636363636363,23.518518518518515,0
LP001940,Male,Yes,2,Graduate,No,3153.0,1560.0,134.0,360.0,1.0,Urban,2.0,Has Credit History,4713.0,134000.0,28.431996605134735,23.45527743742342,1
LP001945,Female,No,0,Graduate,No,5417.0,0.0,143.0,480.0,0.0,Urban,,No Credit History,5417.0,143000.0,26.398375484585564,22.284556646407978,0
LP001947,Male,Yes,0,Graduate,No,2383.0,3334.0,172.0,360.0,1.0,Semiurban,0.0,Has Credit History,5717.0,172000.0,30.085709288088157,25.606669644186393,1
LP001949,Male,Yes,3+,Graduate,No,4416.0,1250.0,110.0,360.0,1.0,Urban,3.0,Has Credit History,5666.0,110000.0,19.41404871161313,16.5016501650165,1
LP001953,Male,Yes,1,Graduate,No,6875.0,0.0,200.0,360.0,1.0,Semiurban,1.0,Has Credit History,6875.0,200000.0,29.09090909090909,25.396825396825395,0
LP001954,Female,Yes,1,Graduate,No,4666.0,0.0,135.0,360.0,1.0,Urban,1.0,Has Credit History,4666.0,135000.0,28.932704672096015,23.826332509707022,0
LP001955,Female,No,0,Graduate,No,5000.0,2541.0,151.0,480.0,1.0,Rural,0.0,Has Credit History,7541.0,151000.0,20.023869513327146,17.679428638332748,1
LP001963,Male,Yes,1,Graduate,No,2014.0,2925.0,113.0,360.0,1.0,Urban,1.0,Has Credit History,4939.0,113000.0,22.87912532901397,19.026772183869337,1
LP001964,Male,Yes,0,Not Graduate,No,1800.0,2934.0,93.0,360.0,0.0,Urban,0.0,No Credit History,4734.0,93000.0,19.64512040557668,16.219044297174747,1
LP001972,Male,Yes,0,Not Graduate,No,2875.0,1750.0,105.0,360.0,1.0,Semiurban,,Has Credit History,4625.0,105000.0,22.7027027027027,18.666666666666668,1
LP001974,Female,No,0,Graduate,No,5000.0,0.0,132.0,360.0,1.0,Rural,0.0,Has Credit History,5000.0,132000.0,26.4,22.0,0
LP001977,Male,Yes,1,Graduate,No,1625.0,1803.0,96.0,360.0,1.0,Urban,1.0,Has Credit History,3428.0,96000.0,28.004667444574096,21.680216802168022,1
LP001978,Male,No,0,Graduate,No,4000.0,2500.0,140.0,360.0,1.0,Rural,0.0,Has Credit History,6500.0,140000.0,21.53846153846154,18.666666666666668,1
LP001990,Male,No,0,Not Graduate,No,2000.0,0.0,126.0,360.0,1.0,Urban,0.0,Has Credit History,2000.0,126000.0,63.0,42.0,0
LP001993,Female,No,0,Graduate,No,3762.0,1666.0,135.0,360.0,1.0,Rural,0.0,Has Credit History,5428.0,135000.0,24.871039056742816,21.001866832607345,1
LP001994,Female,No,0,Graduate,No,2400.0,1863.0,104.0,360.0,0.0,Urban,0.0,No Credit History,4263.0,104000.0,24.39596528266479,19.760592817784534,1
LP001996,Male,No,0,Graduate,No,20233.0,0.0,480.0,360.0,1.0,Rural,0.0,Has Credit History,20233.0,480000.0,23.72361982899224,22.606320350397965,0
LP001998,Male,Yes,2,Not Graduate,No,7667.0,0.0,185.0,360.0,,Rural,2.0,Unknown/Not on File,7667.0,185000.0,24.129385678883526,21.345332871812623,0
LP002002,Female,No,0,Graduate,No,2917.0,0.0,84.0,360.0,1.0,Semiurban,0.0,Has Credit History,2917.0,84000.0,28.79670894754885,21.444983405667603,0
LP002004,Male,No,0,Not Graduate,No,2927.0,2405.0,111.0,360.0,1.0,Semiurban,0.0,Has Credit History,5332.0,111000.0,20.817704426106527,17.530006317119394,1
LP002006,Female,No,0,Graduate,No,2507.0,0.0,56.0,360.0,1.0,Rural,0.0,Has Credit History,2507.0,56000.0,22.337455125648184,15.968063872255488,0
LP002008,Male,Yes,2,Graduate,Yes,5746.0,0.0,144.0,84.0,,Rural,2.0,Unknown/Not on File,5746.0,144000.0,25.06091193873999,21.34598280462496,0
LP002024,Male,Yes,0,Graduate,No,2473.0,1843.0,159.0,360.0,1.0,Rural,0.0,Has Credit History,4316.0,159000.0,36.83966635773864,29.909706546275395,1
LP002031,Male,Yes,1,Not Graduate,No,3399.0,1640.0,111.0,180.0,1.0,Urban,1.0,Has Credit History,5039.0,111000.0,22.02818019448303,18.38052657724789,1
LP002035,Male,Yes,2,Graduate,No,3717.0,0.0,120.0,360.0,1.0,Semiurban,2.0,Has Credit History,3717.0,120000.0,32.28410008071025,25.439898240407036,0
LP002036,Male,Yes,0,Graduate,No,2058.0,2134.0,88.0,360.0,,Urban,0.0,Unknown/Not on File,4192.0,88000.0,20.99236641221374,16.949152542372882,1
LP002043,Female,No,1,Graduate,No,3541.0,0.0,112.0,360.0,,Semiurban,1.0,Unknown/Not on File,3541.0,112000.0,31.62948319683705,24.66417088746972,0
LP002050,Male,Yes,1,Graduate,Yes,10000.0,0.0,155.0,360.0,1.0,Rural,1.0,Has Credit History,10000.0,155000.0,15.5,14.090909090909092,0
LP002051,Male,Yes,0,Graduate,No,2400.0,2167.0,115.0,360.0,1.0,Semiurban,0.0,Has Credit History,4567.0,115000.0,25.180643748631486,20.65744566193641,1
LP002053,Male,Yes,3+,Graduate,No,4342.0,189.0,124.0,360.0,1.0,Semiurban,3.0,Has Credit History,4531.0,124000.0,27.367027146325313,22.419092388356535,1
LP002054,Male,Yes,2,Not Graduate,No,3601.0,1590.0,126.0,360.0,1.0,Rural,2.0,Has Credit History,5191.0,126000.0,24.272779811211713,20.352124051041834,1
LP002055,Female,No,0,Graduate,No,3166.0,2985.0,132.0,360.0,,Rural,0.0,Unknown/Not on File,6151.0,132000.0,21.459925215412127,18.458956789260245,1
LP002065,Male,Yes,3+,Graduate,No,15000.0,0.0,300.0,360.0,1.0,Rural,3.0,Has Credit History,15000.0,300000.0,20.0,18.75,0
LP002067,Male,Yes,1,Graduate,Yes,8666.0,4983.0,376.0,360.0,0.0,Rural,1.0,No Credit History,13649.0,376000.0,27.547805700051285,25.667281043074613,1
LP002068,Male,No,0,Graduate,No,4917.0,0.0,130.0,360.0,0.0,Rural,0.0,No Credit History,4917.0,130000.0,26.438885499288183,21.970593206016563,0
LP002082,Male,Yes,0,Graduate,Yes,5818.0,2160.0,184.0,360.0,1.0,Semiurban,0.0,Has Credit History,7978.0,184000.0,23.063424417147154,20.494542214301628,1
LP002086,Female,Yes,0,Graduate,No,4333.0,2451.0,110.0,360.0,1.0,Urban,0.0,Has Credit History,6784.0,110000.0,16.214622641509433,14.131551901336074,1
LP002087,Female,No,0,Graduate,No,2500.0,0.0,67.0,360.0,1.0,Urban,0.0,Has Credit History,2500.0,67000.0,26.8,19.142857142857142,0
LP002097,Male,No,1,Graduate,No,4384.0,1793.0,117.0,360.0,1.0,Urban,1.0,Has Credit History,6177.0,117000.0,18.94123360854784,16.302076076355025,1
LP002098,Male,No,0,Graduate,No,2935.0,0.0,98.0,360.0,1.0,Semiurban,0.0,Has Credit History,2935.0,98000.0,33.3901192504259,24.904701397712834,0
LP002100,Male,No,0,Graduate,No,2833.0,0.0,71.0,360.0,1.0,Urban,,Has Credit History,2833.0,71000.0,25.061771973173315,18.52334985650926,0
LP002101,Male,Yes,0,Graduate,No,63337.0,0.0,490.0,180.0,1.0,Urban,0.0,Has Credit History,63337.0,490000.0,7.7363942087563355,7.616146230007616,0
LP002103,Male,Yes,1,Graduate,Yes,9833.0,1833.0,182.0,180.0,1.0,Urban,1.0,Has Credit History,11666.0,182000.0,15.600891479513114,14.369177325122374,1
LP002106,Male,Yes,0,Graduate,Yes,5503.0,4490.0,70.0,360.0,1.0,Semiurban,,Has Credit History,9993.0,70000.0,7.004903432402682,6.367688529063949,1
LP002110,Male,Yes,1,Graduate,No,5250.0,688.0,160.0,360.0,1.0,Rural,1.0,Has Credit History,5938.0,160000.0,26.94509936005389,23.061400980109543,1
LP002112,Male,Yes,2,Graduate,Yes,2500.0,4600.0,176.0,360.0,1.0,Rural,2.0,Has Credit History,7100.0,176000.0,24.788732394366196,21.728395061728396,1
LP002113,Female,No,3+,Not Graduate,No,1830.0,0.0,126.0,360.0,0.0,Urban,3.0,No Credit History,1830.0,126000.0,68.85245901639344,44.522968197879855,0
LP002114,Female,No,0,Graduate,No,4160.0,0.0,71.0,360.0,1.0,Semiurban,0.0,Has Credit History,4160.0,71000.0,17.067307692307693,13.75968992248062,0
LP002115,Male,Yes,3+,Not Graduate,No,2647.0,1587.0,173.0,360.0,1.0,Rural,3.0,Has Credit History,4234.0,173000.0,40.859707132735004,33.05311425296141,1
LP002116,Female,No,0,Graduate,No,2378.0,0.0,46.0,360.0,1.0,Rural,0.0,Has Credit History,2378.0,46000.0,19.343986543313708,13.617525162818236,0
LP002119,Male,Yes,1,Not Graduate,No,4554.0,1229.0,158.0,360.0,1.0,Urban,1.0,Has Credit History,5783.0,158000.0,27.3214594501124,23.293527937490783,1
LP002126,Male,Yes,3+,Not Graduate,No,3173.0,0.0,74.0,360.0,1.0,Semiurban,3.0,Has Credit History,3173.0,74000.0,23.321777497636305,17.733045770428948,0
LP002128,Male,Yes,2,Graduate,No,2583.0,2330.0,125.0,360.0,1.0,Rural,2.0,Has Credit History,4913.0,125000.0,25.4427030327702,21.139861322509724,1
LP002129,Male,Yes,0,Graduate,No,2499.0,2458.0,160.0,360.0,1.0,Semiurban,0.0,Has Credit History,4957.0,160000.0,32.27758725035304,26.859157293939905,1
LP002130,Male,Yes,0,Not Graduate,No,3523.0,3230.0,152.0,360.0,0.0,Rural,,No Credit History,6753.0,152000.0,22.50851473419221,19.60531407197214,1
LP002131,Male,Yes,2,Not Graduate,No,3083.0,2168.0,126.0,360.0,1.0,Urban,2.0,Has Credit History,5251.0,126000.0,23.995429442011044,20.156774916013436,1
LP002137,Male,Yes,0,Graduate,No,6333.0,4583.0,259.0,360.0,,Semiurban,0.0,Unknown/Not on File,10916.0,259000.0,23.72663979479663,21.735481705270224,1
LP002138,Male,Yes,0,Graduate,No,2625.0,6250.0,187.0,360.0,1.0,Rural,0.0,Has Credit History,8875.0,187000.0,21.070422535211268,18.936708860759495,1
LP002139,Male,Yes,0,Graduate,No,9083.0,0.0,228.0,360.0,1.0,Semiurban,0.0,Has Credit History,9083.0,228000.0,25.101838599581637,22.61231776257066,0
LP002140,Male,No,0,Graduate,No,8750.0,4167.0,308.0,360.0,1.0,Rural,0.0,Has Credit History,12917.0,308000.0,23.84454594720136,22.131206438169144,1
LP002141,Male,Yes,3+,Graduate,No,2666.0,2083.0,95.0,360.0,1.0,Rural,3.0,Has Credit History,4749.0,95000.0,20.00421141292904,16.52461297616977,1
LP002142,Female,Yes,0,Graduate,Yes,5500.0,0.0,105.0,360.0,0.0,Rural,0.0,No Credit History,5500.0,105000.0,19.09090909090909,16.153846153846153,0
LP002143,Female,Yes,0,Graduate,No,2423.0,505.0,130.0,360.0,1.0,Semiurban,0.0,Has Credit History,2928.0,130000.0,44.39890710382514,33.09572301425662,1
LP002144,Female,No,0,Graduate,No,3813.0,0.0,116.0,180.0,1.0,Urban,,Has Credit History,3813.0,116000.0,30.42223970626803,24.101392063162265,0
LP002149,Male,Yes,2,Graduate,No,8333.0,3167.0,165.0,360.0,1.0,Rural,2.0,Has Credit History,11500.0,165000.0,14.347826086956522,13.2,1
LP002151,Male,Yes,1,Graduate,No,3875.0,0.0,67.0,360.0,1.0,Urban,1.0,Has Credit History,3875.0,67000.0,17.29032258064516,13.743589743589743,0
LP002158,Male,Yes,0,Not Graduate,No,3000.0,1666.0,100.0,480.0,0.0,Urban,0.0,No Credit History,4666.0,100000.0,21.43163309044149,17.64913519237557,1
LP002160,Male,Yes,3+,Graduate,No,5167.0,3167.0,200.0,360.0,1.0,Semiurban,3.0,Has Credit History,8334.0,200000.0,23.99808015358771,21.427040925648168,1
LP002161,Female,No,1,Graduate,No,4723.0,0.0,81.0,360.0,1.0,Semiurban,1.0,Has Credit History,4723.0,81000.0,17.150116451408003,14.153416040538179,0
LP002170,Male,Yes,2,Graduate,No,5000.0,3667.0,236.0,360.0,1.0,Semiurban,2.0,Has Credit History,8667.0,236000.0,27.229721933771778,24.412951277542152,1
LP002175,Male,Yes,0,Graduate,No,4750.0,2333.0,130.0,360.0,1.0,Urban,0.0,Has Credit History,7083.0,130000.0,18.353804884935762,16.083137448966966,1
LP002178,Male,Yes,0,Graduate,No,3013.0,3033.0,95.0,300.0,,Urban,0.0,Unknown/Not on File,6046.0,95000.0,15.7128680119087,13.482827135963667,1
LP002180,Male,No,0,Graduate,Yes,6822.0,0.0,141.0,360.0,1.0,Rural,0.0,Has Credit History,6822.0,141000.0,20.668425681618295,18.026080286371773,0
LP002181,Male,No,0,Not Graduate,No,6216.0,0.0,133.0,360.0,1.0,Rural,0.0,Has Credit History,6216.0,133000.0,21.396396396396398,18.431263858093125,0
LP002187,Male,No,0,Graduate,No,2500.0,0.0,96.0,480.0,1.0,Semiurban,0.0,Has Credit History,2500.0,96000.0,38.4,27.428571428571427,0
LP002188,Male,No,0,Graduate,No,5124.0,0.0,124.0,360.0,0.0,Rural,0.0,No Credit History,5124.0,124000.0,24.19984387197502,20.248203788373612,0
LP002190,Male,Yes,1,Graduate,No,6325.0,0.0,175.0,360.0,1.0,Semiurban,1.0,Has Credit History,6325.0,175000.0,27.66798418972332,23.890784982935152,0
LP002191,Male,Yes,0,Graduate,No,19730.0,5266.0,570.0,360.0,1.0,Rural,0.0,Has Credit History,24996.0,570000.0,22.803648583773402,21.92645022311125,1
LP002194,Female,No,0,Graduate,Yes,15759.0,0.0,55.0,360.0,1.0,Semiurban,0.0,Has Credit History,15759.0,55000.0,3.490069166825306,3.281818724267558,0
LP002197,Male,Yes,2,Graduate,No,5185.0,0.0,155.0,360.0,1.0,Semiurban,2.0,Has Credit History,5185.0,155000.0,29.893924783027966,25.060630557801133,0
LP002201,Male,Yes,2,Graduate,Yes,9323.0,7873.0,380.0,300.0,1.0,Rural,2.0,Has Credit History,17196.0,380000.0,22.09816236334031,20.88371070564959,1
LP002205,Male,No,1,Graduate,No,3062.0,1987.0,111.0,180.0,0.0,Urban,1.0,No Credit History,5049.0,111000.0,21.984551396316103,18.350140519094065,1
LP002209,Female,No,0,Graduate,No,2764.0,1459.0,110.0,360.0,1.0,Urban,0.0,Has Credit History,4223.0,110000.0,26.04783329386692,21.060693088263452,1
LP002211,Male,Yes,0,Graduate,No,4817.0,923.0,120.0,180.0,1.0,Urban,0.0,Has Credit History,5740.0,120000.0,20.905923344947734,17.80415430267062,1
LP002219,Male,Yes,3+,Graduate,No,8750.0,4996.0,130.0,360.0,1.0,Rural,3.0,Has Credit History,13746.0,130000.0,9.457296668121636,8.8159500881595,1
LP002223,Male,Yes,0,Graduate,No,4310.0,0.0,130.0,360.0,,Semiurban,0.0,Unknown/Not on File,4310.0,130000.0,30.162412993039442,24.48210922787194,0
LP002224,Male,No,0,Graduate,No,3069.0,0.0,71.0,480.0,1.0,Urban,0.0,Has Credit History,3069.0,71000.0,23.134571521668295,17.449004669451956,0
LP002225,Male,Yes,2,Graduate,No,5391.0,0.0,130.0,360.0,1.0,Urban,2.0,Has Credit History,5391.0,130000.0,24.114264514932295,20.341104678454077,0
LP002226,Male,Yes,0,Graduate,No,3333.0,2500.0,128.0,360.0,1.0,Semiurban,0.0,Has Credit History,5833.0,128000.0,21.944111092062403,18.73262110346846,1
LP002229,Male,No,0,Graduate,No,5941.0,4232.0,296.0,360.0,1.0,Semiurban,0.0,Has Credit History,10173.0,296000.0,29.096628329892855,26.492437125212565,1
LP002231,Female,No,0,Graduate,No,6000.0,0.0,156.0,360.0,1.0,Urban,0.0,Has Credit History,6000.0,156000.0,26.0,22.285714285714285,0
LP002234,Male,No,0,Graduate,Yes,7167.0,0.0,128.0,360.0,1.0,Urban,0.0,Has Credit History,7167.0,128000.0,17.859634435607646,15.672829680421207,0
LP002236,Male,Yes,2,Graduate,No,4566.0,0.0,100.0,360.0,1.0,Urban,2.0,Has Credit History,4566.0,100000.0,21.901007446342533,17.966223499820337,0
LP002237,Male,No,1,Graduate,No,3667.0,0.0,113.0,180.0,1.0,Urban,1.0,Has Credit History,3667.0,113000.0,30.815380419961823,24.21255624598243,0
LP002239,Male,No,0,Not Graduate,No,2346.0,1600.0,132.0,360.0,1.0,Semiurban,0.0,Has Credit History,3946.0,132000.0,33.45159655347187,26.688232915487262,1
LP002243,Male,Yes,0,Not Graduate,No,3010.0,3136.0,126.0,360.0,0.0,Urban,0.0,No Credit History,6146.0,126000.0,20.50113895216401,17.632241813602015,1
LP002244,Male,Yes,0,Graduate,No,2333.0,2417.0,136.0,360.0,1.0,Urban,0.0,Has Credit History,4750.0,136000.0,28.63157894736842,23.652173913043477,1
LP002250,Male,Yes,0,Graduate,No,5488.0,0.0,125.0,360.0,1.0,Rural,0.0,Has Credit History,5488.0,125000.0,22.776967930029155,19.266337854500616,0
LP002255,Male,No,3+,Graduate,No,9167.0,0.0,185.0,360.0,1.0,Rural,3.0,Has Credit History,9167.0,185000.0,20.18108432420639,18.196124717222386,0
LP002262,Male,Yes,3+,Graduate,No,9504.0,0.0,275.0,360.0,1.0,Rural,3.0,Has Credit History,9504.0,275000.0,28.935185185185187,26.180502665651183,0
LP002263,Male,Yes,0,Graduate,No,2583.0,2115.0,120.0,360.0,,Urban,0.0,Unknown/Not on File,4698.0,120000.0,25.54278416347382,21.060021060021057,1
LP002265,Male,Yes,2,Not Graduate,No,1993.0,1625.0,113.0,180.0,1.0,Semiurban,2.0,Has Credit History,3618.0,113000.0,31.232725262576007,24.469467301862277,1
LP002266,Male,Yes,2,Graduate,No,3100.0,1400.0,113.0,360.0,1.0,Urban,2.0,Has Credit History,4500.0,113000.0,25.11111111111111,20.545454545454547,1
LP002272,Male,Yes,2,Graduate,No,3276.0,484.0,135.0,360.0,,Semiurban,2.0,Unknown/Not on File,3760.0,135000.0,35.90425531914894,28.36134453781513,1
LP002277,Female,No,0,Graduate,No,3180.0,0.0,71.0,360.0,0.0,Urban,0.0,No Credit History,3180.0,71000.0,22.32704402515723,16.985645933014354,0
LP002281,Male,Yes,0,Graduate,No,3033.0,1459.0,95.0,360.0,1.0,Urban,0.0,Has Credit History,4492.0,95000.0,21.148708815672308,17.297887836853604,1
LP002284,Male,No,0,Not Graduate,No,3902.0,1666.0,109.0,360.0,1.0,Rural,0.0,Has Credit History,5568.0,109000.0,19.576149425287355,16.59561510353228,1
LP002287,Female,No,0,Graduate,No,1500.0,1800.0,103.0,360.0,0.0,Semiurban,0.0,No Credit History,3300.0,103000.0,31.21212121212121,23.953488372093023,1
LP002288,Male,Yes,2,Not Graduate,No,2889.0,0.0,45.0,180.0,0.0,Urban,2.0,No Credit History,2889.0,45000.0,15.576323987538942,11.571097968629468,0
LP002296,Male,No,0,Not Graduate,No,2755.0,0.0,65.0,300.0,1.0,Rural,0.0,Has Credit History,2755.0,65000.0,23.593466424682397,17.310252996005328,0
LP002297,Male,No,0,Graduate,No,2500.0,20000.0,103.0,360.0,1.0,Semiurban,0.0,Has Credit History,22500.0,103000.0,4.5777777777777775,4.382978723404255,1
LP002300,Female,No,0,Not Graduate,No,1963.0,0.0,53.0,360.0,1.0,Semiurban,0.0,Has Credit History,1963.0,53000.0,26.999490575649517,17.887276409044887,0
LP002301,Female,No,0,Graduate,Yes,7441.0,0.0,194.0,360.0,1.0,Rural,0.0,Has Credit History,7441.0,194000.0,26.071764547775835,22.98305887927971,0
LP002305,Female,No,0,Graduate,No,4547.0,0.0,115.0,360.0,1.0,Semiurban,0.0,Has Credit History,4547.0,115000.0,25.29140092368595,20.73192716783847,0
LP002308,Male,Yes,0,Not Graduate,No,2167.0,2400.0,115.0,360.0,1.0,Urban,0.0,Has Credit History,4567.0,115000.0,25.180643748631486,20.65744566193641,1
LP002314,Female,No,0,Not Graduate,No,2213.0,0.0,66.0,360.0,1.0,Rural,0.0,Has Credit History,2213.0,66000.0,29.8237686398554,20.541549953314657,0
LP002315,Male,Yes,1,Graduate,No,8300.0,0.0,152.0,300.0,0.0,Semiurban,1.0,No Credit History,8300.0,152000.0,18.313253012048193,16.344086021505376,0
LP002317,Male,Yes,3+,Graduate,No,81000.0,0.0,360.0,360.0,0.0,Rural,3.0,No Credit History,81000.0,360000.0,4.444444444444445,4.390243902439025,0
LP002318,Female,No,1,Not Graduate,Yes,3867.0,0.0,62.0,360.0,1.0,Semiurban,1.0,Has Credit History,3867.0,62000.0,16.03310059477631,12.738853503184714,0
LP002319,Male,Yes,0,Graduate,No,6256.0,0.0,160.0,360.0,,Urban,0.0,Unknown/Not on File,6256.0,160000.0,25.575447570332482,22.05071664829107,0
LP002328,Male,Yes,0,Not Graduate,No,6096.0,0.0,218.0,360.0,0.0,Rural,0.0,No Credit History,6096.0,218000.0,35.76115485564304,30.72153325817362,0
LP002332,Male,Yes,0,Not Graduate,No,2253.0,2033.0,110.0,360.0,1.0,Rural,0.0,Has Credit History,4286.0,110000.0,25.664955669622024,20.809685962920923,1
LP002335,Female,Yes,0,Not Graduate,No,2149.0,3237.0,178.0,360.0,0.0,Semiurban,0.0,No Credit History,5386.0,178000.0,33.04864463423691,27.8734732226746,1
LP002337,Female,No,0,Graduate,No,2995.0,0.0,60.0,360.0,1.0,Urban,0.0,Has Credit History,2995.0,60000.0,20.03338898163606,15.018773466833542,0
LP002341,Female,No,1,Graduate,No,2600.0,0.0,160.0,360.0,1.0,Urban,1.0,Has Credit History,2600.0,160000.0,61.53846153846154,44.44444444444444,0
LP002342,Male,Yes,2,Graduate,Yes,1600.0,20000.0,239.0,360.0,1.0,Urban,2.0,Has Credit History,21600.0,239000.0,11.064814814814815,10.575221238938052,1
LP002345,Male,Yes,0,Graduate,No,1025.0,2773.0,112.0,360.0,1.0,Rural,0.0,Has Credit History,3798.0,112000.0,29.48920484465508,23.34305960817007,1
LP002347,Male,Yes,0,Graduate,No,3246.0,1417.0,138.0,360.0,1.0,Semiurban,0.0,Has Credit History,4663.0,138000.0,29.59468153549217,24.368709164753664,1
LP002348,Male,Yes,0,Graduate,No,5829.0,0.0,138.0,360.0,1.0,Rural,0.0,Has Credit History,5829.0,138000.0,23.674729799279465,20.207936740371945,0
LP002357,Female,No,0,Not Graduate,No,2720.0,0.0,80.0,360.0,0.0,Urban,0.0,No Credit History,2720.0,80000.0,29.41176470588235,21.50537634408602,0
LP002361,Male,Yes,0,Graduate,No,1820.0,1719.0,100.0,360.0,1.0,Urban,0.0,Has Credit History,3539.0,100000.0,28.256569652444192,22.031284423881914,1
LP002362,Male,Yes,1,Graduate,No,7250.0,1667.0,110.0,360.0,0.0,Urban,1.0,No Credit History,8917.0,110000.0,12.33598743972188,11.092064132298074,1
LP002364,Male,Yes,0,Graduate,No,14880.0,0.0,96.0,360.0,1.0,Semiurban,0.0,Has Credit History,14880.0,96000.0,6.451612903225806,6.045340050377834,0
LP002366,Male,Yes,0,Graduate,No,2666.0,4300.0,121.0,360.0,1.0,Rural,0.0,Has Credit History,6966.0,121000.0,17.37008326155613,15.18955561134823,1
LP002367,Female,No,1,Not Graduate,No,4606.0,0.0,81.0,360.0,1.0,Rural,1.0,Has Credit History,4606.0,81000.0,17.585757707338253,14.448804851944345,0
LP002368,Male,Yes,2,Graduate,No,5935.0,0.0,133.0,360.0,1.0,Semiurban,2.0,Has Credit History,5935.0,133000.0,22.40943555181129,19.178082191780824,0
LP002369,Male,Yes,0,Graduate,No,2920.0,16.12000084,87.0,360.0,1.0,Rural,0.0,Has Credit History,2936.12000084,87000.0,29.630941506174818,22.102984660384717,1
LP002370,Male,No,0,Not Graduate,No,2717.0,0.0,60.0,180.0,1.0,Urban,0.0,Has Credit History,2717.0,60000.0,22.08317997791682,16.142050040355123,0
LP002377,Female,No,1,Graduate,Yes,8624.0,0.0,150.0,360.0,1.0,Semiurban,1.0,Has Credit History,8624.0,150000.0,17.393320964749535,15.586034912718203,0
LP002379,Male,No,0,Graduate,No,6500.0,0.0,105.0,360.0,0.0,Rural,0.0,No Credit History,6500.0,105000.0,16.153846153846153,14.0,0
LP002386,Male,No,0,Graduate,No,12876.0,0.0,405.0,360.0,1.0,Semiurban,0.0,Has Credit History,12876.0,405000.0,31.453867660764214,29.18708561545114,0
LP002387,Male,Yes,0,Graduate,No,2425.0,2340.0,143.0,360.0,1.0,Semiurban,0.0,Has Credit History,4765.0,143000.0,30.010493179433368,24.804856895056375,1
LP002390,Male,No,0,Graduate,No,3750.0,0.0,100.0,360.0,1.0,Urban,0.0,Has Credit History,3750.0,100000.0,26.666666666666668,21.05263157894737,0
LP002393,Female,Yes,0,Graduate,No,10047.0,0.0,126.0,240.0,1.0,Semiurban,,Has Credit History,10047.0,126000.0,12.541057031949835,11.40581153254277,0
LP002398,Male,No,0,Graduate,No,1926.0,1851.0,50.0,360.0,1.0,Semiurban,0.0,Has Credit History,3777.0,50000.0,13.238019592268996,10.466820180029307,1
LP002401,Male,Yes,0,Graduate,No,2213.0,1125.0,126.0,360.0,1.0,Urban,0.0,Has Credit History,3338.0,126000.0,37.74715398442181,29.04564315352697,1
LP002403,Male,No,0,Graduate,Yes,10416.0,0.0,187.0,360.0,0.0,Urban,0.0,No Credit History,10416.0,187000.0,17.953149001536097,16.38051857042747,0
LP002407,Female,Yes,0,Not Graduate,Yes,7142.0,0.0,138.0,360.0,1.0,Rural,0.0,Has Credit History,7142.0,138000.0,19.322318678241388,16.949152542372882,0
LP002408,Male,No,0,Graduate,No,3660.0,5064.0,187.0,360.0,1.0,Semiurban,0.0,Has Credit History,8724.0,187000.0,21.435121503897296,19.23076923076923,1
LP002409,Male,Yes,0,Graduate,No,7901.0,1833.0,180.0,360.0,1.0,Rural,0.0,Has Credit History,9734.0,180000.0,18.491884117526197,16.769144773616546,1
LP002418,Male,No,3+,Not Graduate,No,4707.0,1993.0,148.0,360.0,1.0,Semiurban,3.0,Has Credit History,6700.0,148000.0,22.08955223880597,19.22077922077922,1
LP002422,Male,No,1,Graduate,No,37719.0,0.0,152.0,360.0,1.0,Semiurban,1.0,Has Credit History,37719.0,152000.0,4.029799305389856,3.925721222139001,0
LP002424,Male,Yes,0,Graduate,No,7333.0,8333.0,175.0,300.0,,Rural,0.0,Unknown/Not on File,15666.0,175000.0,11.170688114387847,10.500420016800671,1
LP002429,Male,Yes,1,Graduate,Yes,3466.0,1210.0,130.0,360.0,1.0,Rural,1.0,Has Credit History,4676.0,130000.0,27.80153977758768,22.903453136011276,1
LP002434,Male,Yes,2,Not Graduate,No,4652.0,0.0,110.0,360.0,1.0,Rural,2.0,Has Credit History,4652.0,110000.0,23.6457437661221,19.4621372965322,0
LP002435,Male,Yes,0,Graduate,No,3539.0,1376.0,55.0,360.0,1.0,Rural,0.0,Has Credit History,4915.0,55000.0,11.190233977619531,9.29839391377853,1
LP002443,Male,Yes,2,Graduate,No,3340.0,1710.0,150.0,360.0,0.0,Rural,2.0,No Credit History,5050.0,150000.0,29.702970297029704,24.793388429752067,1
LP002444,Male,No,1,Not Graduate,Yes,2769.0,1542.0,190.0,360.0,,Semiurban,1.0,Unknown/Not on File,4311.0,190000.0,44.07330085826954,35.77480700433063,1
LP002446,Male,Yes,2,Not Graduate,No,2309.0,1255.0,125.0,360.0,0.0,Rural,2.0,No Credit History,3564.0,125000.0,35.072951739618404,27.388255915863276,1
LP002447,Male,Yes,2,Not Graduate,No,1958.0,1456.0,60.0,300.0,,Urban,2.0,Unknown/Not on File,3414.0,60000.0,17.57469244288225,13.59311282283643,1
LP002448,Male,Yes,0,Graduate,No,3948.0,1733.0,149.0,360.0,0.0,Rural,0.0,No Credit History,5681.0,149000.0,26.22777679985918,22.30205059122886,1
LP002449,Male,Yes,0,Graduate,No,2483.0,2466.0,90.0,180.0,0.0,Rural,0.0,No Credit History,4949.0,90000.0,18.185492018589613,15.128593040847202,1
LP002453,Male,No,0,Graduate,Yes,7085.0,0.0,84.0,360.0,1.0,Semiurban,0.0,Has Credit History,7085.0,84000.0,11.856033874382499,10.389610389610388,0
LP002455,Male,Yes,2,Graduate,No,3859.0,0.0,96.0,360.0,1.0,Semiurban,2.0,Has Credit History,3859.0,96000.0,24.876911116869657,19.757151677299856,0
LP002459,Male,Yes,0,Graduate,No,4301.0,0.0,118.0,360.0,1.0,Urban,0.0,Has Credit History,4301.0,118000.0,27.435480120902117,22.259950952650442,0
LP002467,Male,Yes,0,Graduate,No,3708.0,2569.0,173.0,360.0,1.0,Urban,0.0,Has Credit History,6277.0,173000.0,27.560936753226063,23.773533049333516,1
LP002472,Male,No,2,Graduate,No,4354.0,0.0,136.0,360.0,1.0,Rural,2.0,Has Credit History,4354.0,136000.0,31.23564538355535,25.40156892043332,0
LP002473,Male,Yes,0,Graduate,No,8334.0,0.0,160.0,360.0,1.0,Semiurban,0.0,Has Credit History,8334.0,160000.0,19.19846412287017,17.141632740518535,0
LP002478,Male,Yes,0,Graduate,Yes,2083.0,4083.0,160.0,360.0,,Semiurban,0.0,Unknown/Not on File,6166.0,160000.0,25.948751216347713,22.32765838682668,1
LP002484,Male,Yes,3+,Graduate,No,7740.0,0.0,128.0,180.0,1.0,Urban,3.0,Has Credit History,7740.0,128000.0,16.537467700258397,14.645308924485125,0
LP002487,Male,Yes,0,Graduate,No,3015.0,2188.0,153.0,360.0,1.0,Rural,0.0,Has Credit History,5203.0,153000.0,29.40611185854315,24.665484443011444,1
LP002489,Female,No,1,Not Graduate,No,5191.0,0.0,132.0,360.0,1.0,Semiurban,1.0,Has Credit History,5191.0,132000.0,25.42862646888846,21.32127281537716,0
LP002493,Male,No,0,Graduate,No,4166.0,0.0,98.0,360.0,0.0,Semiurban,0.0,No Credit History,4166.0,98000.0,23.523763802208354,18.970189701897016,0
LP002494,Male,No,0,Graduate,No,6000.0,0.0,140.0,360.0,1.0,Rural,0.0,Has Credit History,6000.0,140000.0,23.333333333333332,20.0,0
LP002500,Male,Yes,3+,Not Graduate,No,2947.0,1664.0,70.0,180.0,0.0,Urban,3.0,No Credit History,4611.0,70000.0,15.181088700932552,12.475494564248798,1
LP002501,Male,Yes,0,Graduate,No,16692.0,0.0,110.0,360.0,1.0,Semiurban,0.0,Has Credit History,16692.0,110000.0,6.589983225497244,6.217499434772779,0
LP002502,Female,Yes,2,Not Graduate,No,210.0,2917.0,98.0,360.0,1.0,Semiurban,2.0,Has Credit History,3127.0,98000.0,31.33994243684042,23.746062515144175,1
LP002505,Male,Yes,0,Graduate,No,4333.0,2451.0,110.0,360.0,1.0,Urban,0.0,Has Credit History,6784.0,110000.0,16.214622641509433,14.131551901336074,1
LP002515,Male,Yes,1,Graduate,Yes,3450.0,2079.0,162.0,360.0,1.0,Semiurban,1.0,Has Credit History,5529.0,162000.0,29.30005425935974,24.812375555215194,1
LP002517,Male,Yes,1,Not Graduate,No,2653.0,1500.0,113.0,180.0,0.0,Rural,1.0,No Credit History,4153.0,113000.0,27.209246327955693,21.92897341354551,1
LP002519,Male,Yes,3+,Graduate,No,4691.0,0.0,100.0,360.0,1.0,Semiurban,3.0,Has Credit History,4691.0,100000.0,21.317416329140908,17.571604287471448,0
LP002522,Female,No,0,Graduate,Yes,2500.0,0.0,93.0,360.0,,Urban,0.0,Unknown/Not on File,2500.0,93000.0,37.2,26.571428571428573,0
LP002524,Male,No,2,Graduate,No,5532.0,4648.0,162.0,360.0,1.0,Rural,2.0,Has Credit History,10180.0,162000.0,15.913555992141454,14.490161001788909,1
LP002527,Male,Yes,2,Graduate,Yes,16525.0,1014.0,150.0,360.0,1.0,Rural,2.0,Has Credit History,17539.0,150000.0,8.552369006214722,8.091051297265224,1
LP002529,Male,Yes,2,Graduate,No,6700.0,1750.0,230.0,300.0,1.0,Semiurban,2.0,Has Credit History,8450.0,230000.0,27.218934911242602,24.338624338624342,1
LP002530,Male,Yes,2,Graduate,No,2873.0,1872.0,132.0,360.0,0.0,Semiurban,2.0,No Credit History,4745.0,132000.0,27.818756585879875,22.97650130548303,1
LP002531,Male,Yes,1,Graduate,Yes,16667.0,2250.0,86.0,360.0,1.0,Semiurban,1.0,Has Credit History,18917.0,86000.0,4.546175397790347,4.3179193653662695,1
LP002533,Male,Yes,2,Graduate,No,2947.0,1603.0,126.0,360.0,1.0,Urban,2.0,Has Credit History,4550.0,126000.0,27.692307692307693,22.7027027027027,1
LP002534,Female,No,0,Not Graduate,No,4350.0,0.0,154.0,360.0,1.0,Rural,0.0,Has Credit History,4350.0,154000.0,35.40229885057471,28.785046728971963,0
LP002536,Male,Yes,3+,Not Graduate,No,3095.0,0.0,113.0,360.0,1.0,Rural,3.0,Has Credit History,3095.0,113000.0,36.51050080775444,27.59462759462759,0
LP002537,Male,Yes,0,Graduate,No,2083.0,3150.0,128.0,360.0,1.0,Semiurban,0.0,Has Credit History,5233.0,128000.0,24.460156697878844,20.535857532488368,1
LP002541,Male,Yes,0,Graduate,No,10833.0,0.0,234.0,360.0,1.0,Semiurban,0.0,Has Credit History,10833.0,234000.0,21.60066463583495,19.775204935350292,0
LP002543,Male,Yes,2,Graduate,No,8333.0,0.0,246.0,360.0,1.0,Semiurban,2.0,Has Credit History,8333.0,246000.0,29.52118084723389,26.358084217293474,0
LP002544,Male,Yes,1,Not Graduate,No,1958.0,2436.0,131.0,360.0,1.0,Rural,1.0,Has Credit History,4394.0,131000.0,29.813381884387802,24.2862439747868,1
LP002545,Male,No,2,Graduate,No,3547.0,0.0,80.0,360.0,0.0,Rural,2.0,No Credit History,3547.0,80000.0,22.554271215111363,17.594018033868483,0
LP002547,Male,Yes,1,Graduate,No,18333.0,0.0,500.0,360.0,1.0,Urban,1.0,Has Credit History,18333.0,500000.0,27.27322314951181,25.862514870946054,0
LP002555,Male,Yes,2,Graduate,Yes,4583.0,2083.0,160.0,360.0,1.0,Semiurban,2.0,Has Credit History,6666.0,160000.0,24.002400240024002,20.871380120010436,1
LP002556,Male,No,0,Graduate,No,2435.0,0.0,75.0,360.0,1.0,Urban,0.0,Has Credit History,2435.0,75000.0,30.80082135523614,21.83406113537118,0
LP002560,Male,No,0,Not Graduate,No,2699.0,2785.0,96.0,360.0,,Semiurban,0.0,Unknown/Not on File,5484.0,96000.0,17.505470459518598,14.805675508945095,1
LP002562,Male,Yes,1,Not Graduate,No,5333.0,1131.0,186.0,360.0,,Urban,1.0,Unknown/Not on File,6464.0,186000.0,28.774752475247524,24.919614147909968,1
LP002571,Male,No,0,Not Graduate,No,3691.0,0.0,110.0,360.0,1.0,Rural,0.0,Has Credit History,3691.0,110000.0,29.802221620157137,23.449157962055,0
LP002582,Female,No,0,Not Graduate,Yes,17263.0,0.0,225.0,360.0,1.0,Semiurban,0.0,Has Credit History,17263.0,225000.0,13.033655795632278,12.31999123911734,0
LP002585,Male,Yes,0,Graduate,No,3597.0,2157.0,119.0,360.0,0.0,Rural,0.0,No Credit History,5754.0,119000.0,20.68126520681265,17.619188628960618,1
LP002586,Female,Yes,1,Graduate,No,3326.0,913.0,105.0,84.0,1.0,Semiurban,1.0,Has Credit History,4239.0,105000.0,24.769992922859164,20.041992746707386,1
LP002587,Male,Yes,0,Not Graduate,No,2600.0,1700.0,107.0,360.0,1.0,Rural,0.0,Has Credit History,4300.0,107000.0,24.88372093023256,20.18867924528302,1
LP002588,Male,Yes,0,Graduate,No,4625.0,2857.0,111.0,12.0,,Urban,0.0,Unknown/Not on File,7482.0,111000.0,14.83560545308741,13.0865361942938,1
LP002600,Male,Yes,1,Graduate,Yes,2895.0,0.0,95.0,360.0,1.0,Semiurban,1.0,Has Credit History,2895.0,95000.0,32.81519861830743,24.390243902439025,0
LP002602,Male,No,0,Graduate,No,6283.0,4416.0,209.0,360.0,0.0,Rural,0.0,No Credit History,10699.0,209000.0,19.534535937938124,17.86477476707411,1
LP002603,Female,No,0,Graduate,No,645.0,3683.0,113.0,480.0,1.0,Rural,0.0,Has Credit History,4328.0,113000.0,26.109057301293902,21.20870870870871,1
LP002606,Female,No,0,Graduate,No,3159.0,0.0,100.0,360.0,1.0,Semiurban,0.0,Has Credit History,3159.0,100000.0,31.655587211142766,24.044241404183698,0
LP002615,Male,Yes,2,Graduate,No,4865.0,5624.0,208.0,360.0,1.0,Semiurban,2.0,Has Credit History,10489.0,208000.0,19.83029840785585,18.104273653059447,1
LP002618,Male,Yes,1,Not Graduate,No,4050.0,5302.0,138.0,360.0,,Rural,1.0,Unknown/Not on File,9352.0,138000.0,14.756201881950386,13.330757341576506,1
LP002619,Male,Yes,0,Not Graduate,No,3814.0,1483.0,124.0,300.0,1.0,Semiurban,0.0,Has Credit History,5297.0,124000.0,23.4094770624882,19.691916785771003,1
LP002622,Male,Yes,2,Graduate,No,3510.0,4416.0,243.0,360.0,1.0,Rural,2.0,Has Credit History,7926.0,243000.0,30.658591975775927,27.223840466054224,1
LP002624,Male,Yes,0,Graduate,No,20833.0,6667.0,480.0,360.0,,Urban,0.0,Unknown/Not on File,27500.0,480000.0,17.454545454545453,16.842105263157894,1
LP002625,Male,No,0,Graduate,No,3583.0,0.0,96.0,360.0,1.0,Urban,0.0,Has Credit History,3583.0,96000.0,26.793190064192018,20.9469779620336,0
LP002626,Male,Yes,0,Graduate,Yes,2479.0,3013.0,188.0,360.0,1.0,Urban,0.0,Has Credit History,5492.0,188000.0,34.23160961398398,28.95871842267406,1
LP002634,Female,No,1,Graduate,No,13262.0,0.0,40.0,360.0,1.0,Urban,1.0,Has Credit History,13262.0,40000.0,3.0161363293620873,2.804655728509325,0
LP002637,Male,No,0,Not Graduate,No,3598.0,1287.0,100.0,360.0,1.0,Rural,0.0,Has Credit History,4885.0,100000.0,20.470829068577277,16.99235344095157,1
LP002640,Male,Yes,1,Graduate,No,6065.0,2004.0,250.0,360.0,1.0,Semiurban,1.0,Has Credit History,8069.0,250000.0,30.982773577890693,27.566435108611753,1
LP002643,Male,Yes,2,Graduate,No,3283.0,2035.0,148.0,360.0,1.0,Urban,2.0,Has Credit History,5318.0,148000.0,27.830011282437006,23.42513453624565,1
LP002648,Male,Yes,0,Graduate,No,2130.0,6666.0,70.0,180.0,1.0,Semiurban,0.0,Has Credit History,8796.0,70000.0,7.958162801273306,7.145773785218457,1
LP002652,Male,No,0,Graduate,No,5815.0,3666.0,311.0,360.0,1.0,Rural,0.0,Has Credit History,9481.0,311000.0,32.80244699926168,29.672741150653565,1
LP002659,Male,Yes,3+,Graduate,No,3466.0,3428.0,150.0,360.0,1.0,Rural,3.0,Has Credit History,6894.0,150000.0,21.75805047867711,19.001773498859894,1
LP002670,Female,Yes,2,Graduate,No,2031.0,1632.0,113.0,480.0,1.0,Semiurban,2.0,Has Credit History,3663.0,113000.0,30.84903084903085,24.233326184859532,1
LP002682,Male,Yes,0,Not Graduate,No,3074.0,1800.0,123.0,360.0,0.0,Semiurban,,No Credit History,4874.0,123000.0,25.235945835043086,20.93973442288049,1
LP002683,Male,No,0,Graduate,No,4683.0,1915.0,185.0,360.0,1.0,Semiurban,0.0,Has Credit History,6598.0,185000.0,28.03879963625341,24.348512766517505,1
LP002684,Female,No,0,Not Graduate,No,3400.0,0.0,95.0,360.0,1.0,Rural,0.0,Has Credit History,3400.0,95000.0,27.941176470588236,21.59090909090909,0
LP002689,Male,Yes,2,Not Graduate,No,2192.0,1742.0,45.0,360.0,1.0,Semiurban,2.0,Has Credit History,3934.0,45000.0,11.438739196746313,9.120389136603162,1
LP002690,Male,No,0,Graduate,No,2500.0,0.0,55.0,360.0,1.0,Semiurban,0.0,Has Credit History,2500.0,55000.0,22.0,15.714285714285714,0
LP002692,Male,Yes,3+,Graduate,Yes,5677.0,1424.0,100.0,360.0,1.0,Rural,3.0,Has Credit History,7101.0,100000.0,14.08252358822701,12.344155042587337,1
LP002693,Male,Yes,2,Graduate,Yes,7948.0,7166.0,480.0,360.0,1.0,Rural,2.0,Has Credit History,15114.0,480000.0,31.758634378721716,29.787762194365147,1
LP002697,Male,No,0,Graduate,No,4680.0,2087.0,126.0,360.0,1.0,Semiurban,0.0,Has Credit History,6767.0,126000.0,18.619772425003696,16.222479721900346,1
LP002699,Male,Yes,2,Graduate,Yes,17500.0,0.0,400.0,360.0,1.0,Rural,2.0,Has Credit History,17500.0,400000.0,22.857142857142858,21.62162162162162,0
LP002705,Male,Yes,0,Graduate,No,3775.0,0.0,110.0,360.0,1.0,Semiurban,0.0,Has Credit History,3775.0,110000.0,29.13907284768212,23.036649214659683,0
LP002706,Male,Yes,1,Not Graduate,No,5285.0,1430.0,161.0,360.0,0.0,Semiurban,1.0,No Credit History,6715.0,161000.0,23.976172747580044,20.86843810758263,1
LP002714,Male,No,1,Not Graduate,No,2679.0,1302.0,94.0,360.0,1.0,Semiurban,1.0,Has Credit History,3981.0,94000.0,23.61215774930922,18.87171250752861,1
LP002716,Male,No,0,Not Graduate,No,6783.0,0.0,130.0,360.0,1.0,Semiurban,0.0,Has Credit History,6783.0,130000.0,19.165560961226596,16.70307079532314,0
LP002717,Male,Yes,0,Graduate,No,1025.0,5500.0,216.0,360.0,,Rural,0.0,Unknown/Not on File,6525.0,216000.0,33.10344827586207,28.704318936877076,1
LP002720,Male,Yes,3+,Graduate,No,4281.0,0.0,100.0,360.0,1.0,Urban,3.0,Has Credit History,4281.0,100000.0,23.3590282644242,18.93580761219466,0
LP002723,Male,No,2,Graduate,No,3588.0,0.0,110.0,360.0,0.0,Rural,2.0,No Credit History,3588.0,110000.0,30.657748049052397,23.975588491717524,0
LP002729,Male,No,1,Graduate,No,11250.0,0.0,196.0,360.0,,Semiurban,1.0,Unknown/Not on File,11250.0,196000.0,17.42222222222222,16.0,0
LP002731,Female,No,0,Not Graduate,Yes,18165.0,0.0,125.0,360.0,1.0,Urban,0.0,Has Credit History,18165.0,125000.0,6.881365262868153,6.522306287503262,0
LP002732,Male,No,0,Not Graduate,No,2550.0,2042.0,126.0,360.0,1.0,Rural,0.0,Has Credit History,4592.0,126000.0,27.4390243902439,22.53218884120172,1
LP002734,Male,Yes,0,Graduate,No,6133.0,3906.0,324.0,360.0,1.0,Urban,0.0,Has Credit History,10039.0,324000.0,32.27413088953083,29.35048464534831,1
LP002738,Male,No,2,Graduate,No,3617.0,0.0,107.0,360.0,1.0,Semiurban,2.0,Has Credit History,3617.0,107000.0,29.58252695604092,23.175222005631362,0
LP002739,Male,Yes,0,Not Graduate,No,2917.0,536.0,66.0,360.0,1.0,Rural,0.0,Has Credit History,3453.0,66000.0,19.113814074717638,14.821468672804853,1
LP002740,Male,Yes,3+,Graduate,No,6417.0,0.0,157.0,180.0,1.0,Rural,3.0,Has Credit History,6417.0,157000.0,24.46626149290946,21.16758797357422,0
LP002741,Female,Yes,1,Graduate,No,4608.0,2845.0,140.0,180.0,1.0,Semiurban,1.0,Has Credit History,7453.0,140000.0,18.784382128002147,16.562167277889507,1
LP002743,Female,No,0,Graduate,No,2138.0,0.0,99.0,360.0,0.0,Semiurban,0.0,No Credit History,2138.0,99000.0,46.30495790458372,31.548757170172085,0
LP002753,Female,No,1,Graduate,No,3652.0,0.0,95.0,360.0,1.0,Semiurban,1.0,Has Credit History,3652.0,95000.0,26.013143483023,20.4213241616509,0
LP002755,Male,Yes,1,Not Graduate,No,2239.0,2524.0,128.0,360.0,1.0,Urban,1.0,Has Credit History,4763.0,128000.0,26.873819021625025,22.210654173173694,1
LP002757,Female,Yes,0,Not Graduate,No,3017.0,663.0,102.0,360.0,,Semiurban,0.0,Unknown/Not on File,3680.0,102000.0,27.717391304347824,21.794871794871796,1
LP002767,Male,Yes,0,Graduate,No,2768.0,1950.0,155.0,360.0,1.0,Rural,0.0,Has Credit History,4718.0,155000.0,32.852903772785076,27.107380202868136,1
LP002768,Male,No,0,Not Graduate,No,3358.0,0.0,80.0,36.0,1.0,Semiurban,0.0,Has Credit History,3358.0,80000.0,23.823704586063133,18.35704451583295,0
LP002772,Male,No,0,Graduate,No,2526.0,1783.0,145.0,360.0,1.0,Rural,0.0,Has Credit History,4309.0,145000.0,33.65049895567417,27.31211150875871,1
LP002776,Female,No,0,Graduate,No,5000.0,0.0,103.0,360.0,0.0,Semiurban,0.0,No Credit History,5000.0,103000.0,20.6,17.166666666666668,0
LP002777,Male,Yes,0,Graduate,No,2785.0,2016.0,110.0,360.0,1.0,Rural,0.0,Has Credit History,4801.0,110000.0,22.911893355550927,18.96224788829512,1
LP002778,Male,Yes,2,Graduate,Yes,6633.0,0.0,126.0,360.0,0.0,Rural,2.0,No Credit History,6633.0,126000.0,18.99592944369064,16.50727105987161,0
LP002784,Male,Yes,1,Not Graduate,No,2492.0,2375.0,126.0,360.0,1.0,Rural,1.0,Has Credit History,4867.0,126000.0,25.888637764536675,21.476052497017214,1
LP002785,Male,Yes,1,Graduate,No,3333.0,3250.0,158.0,360.0,1.0,Urban,1.0,Has Credit History,6583.0,158000.0,24.001215251405135,20.836080706844257,1
LP002788,Male,Yes,0,Not Graduate,No,2454.0,2333.0,181.0,360.0,0.0,Urban,0.0,No Credit History,4787.0,181000.0,37.81073741382912,31.277000172801106,1
LP002789,Male,Yes,0,Graduate,No,3593.0,4266.0,132.0,180.0,0.0,Rural,0.0,No Credit History,7859.0,132000.0,16.79603002926581,14.90010159160176,1
LP002792,Male,Yes,1,Graduate,No,5468.0,1032.0,26.0,360.0,1.0,Semiurban,1.0,Has Credit History,6500.0,26000.0,4.0,3.466666666666667,1
LP002794,Female,No,0,Graduate,No,2667.0,1625.0,84.0,360.0,,Urban,0.0,Unknown/Not on File,4292.0,84000.0,19.571295433364398,15.873015873015873,1
LP002795,Male,Yes,3+,Graduate,Yes,10139.0,0.0,260.0,360.0,1.0,Semiurban,3.0,Has Credit History,10139.0,260000.0,25.64355459118256,23.341413053236376,0
LP002798,Male,Yes,0,Graduate,No,3887.0,2669.0,162.0,360.0,1.0,Semiurban,0.0,Has Credit History,6556.0,162000.0,24.71018913971934,21.439915299100054,1
LP002804,Female,Yes,0,Graduate,No,4180.0,2306.0,182.0,360.0,1.0,Semiurban,0.0,Has Credit History,6486.0,182000.0,28.060437866173295,24.31204915842907,1
LP002807,Male,Yes,2,Not Graduate,No,3675.0,242.0,108.0,360.0,1.0,Semiurban,2.0,Has Credit History,3917.0,108000.0,27.572121521572633,21.964612568639414,1
LP002813,Female,Yes,1,Graduate,Yes,19484.0,0.0,600.0,360.0,1.0,Semiurban,1.0,Has Credit History,19484.0,600000.0,30.794498049681792,29.291154071470412,0
LP002820,Male,Yes,0,Graduate,No,5923.0,2054.0,211.0,360.0,1.0,Rural,0.0,Has Credit History,7977.0,211000.0,26.45104675943337,23.504511529464185,1
LP002821,Male,No,0,Not Graduate,Yes,5800.0,0.0,132.0,360.0,1.0,Semiurban,0.0,Has Credit History,5800.0,132000.0,22.75862068965517,19.411764705882355,0
LP002832,Male,Yes,2,Graduate,No,8799.0,0.0,258.0,360.0,0.0,Urban,2.0,No Credit History,8799.0,258000.0,29.321513808387316,26.32921726706807,0
LP002833,Male,Yes,0,Not Graduate,No,4467.0,0.0,120.0,360.0,,Rural,0.0,Unknown/Not on File,4467.0,120000.0,26.863666890530556,21.949881104810682,0
LP002836,Male,No,0,Graduate,No,3333.0,0.0,70.0,360.0,1.0,Urban,0.0,Has Credit History,3333.0,70000.0,21.002100210021002,16.15508885298869,0
LP002837,Male,Yes,3+,Graduate,No,3400.0,2500.0,123.0,360.0,0.0,Rural,3.0,No Credit History,5900.0,123000.0,20.847457627118644,17.82608695652174,1
LP002840,Female,No,0,Graduate,No,2378.0,0.0,9.0,360.0,1.0,Urban,0.0,Has Credit History,2378.0,9000.0,3.7846930193439867,2.664298401420959,0
LP002841,Male,Yes,0,Graduate,No,3166.0,2064.0,104.0,360.0,0.0,Urban,0.0,No Credit History,5230.0,104000.0,19.88527724665392,16.693418940609952,1
LP002842,Male,Yes,1,Graduate,No,3417.0,1750.0,186.0,360.0,1.0,Urban,1.0,Has Credit History,5167.0,186000.0,35.99767756918909,30.160531863142534,1
LP002847,Male,Yes,0,Graduate,No,5116.0,1451.0,165.0,360.0,0.0,Urban,,No Credit History,6567.0,165000.0,25.12562814070352,21.80520681908286,1
LP002855,Male,Yes,2,Graduate,No,16666.0,0.0,275.0,360.0,1.0,Urban,2.0,Has Credit History,16666.0,275000.0,16.500660026401057,15.566625155666252,0
LP002862,Male,Yes,2,Not Graduate,No,6125.0,1625.0,187.0,480.0,1.0,Semiurban,2.0,Has Credit History,7750.0,187000.0,24.129032258064516,21.37142857142857,1
LP002863,Male,Yes,3+,Graduate,No,6406.0,0.0,150.0,360.0,1.0,Semiurban,3.0,Has Credit History,6406.0,150000.0,23.415547923821418,20.25384823116392,0
LP002868,Male,Yes,2,Graduate,No,3159.0,461.0,108.0,84.0,1.0,Urban,2.0,Has Credit History,3620.0,108000.0,29.834254143646408,23.376623376623375,1
LP002872,Male,Yes,0,Graduate,No,3087.0,2210.0,136.0,360.0,0.0,Semiurban,0.0,No Credit History,5297.0,136000.0,25.674910326599964,21.59758615213594,1
LP002874,Male,No,0,Graduate,No,3229.0,2739.0,110.0,360.0,1.0,Urban,0.0,Has Credit History,5968.0,110000.0,18.431635388739945,15.786452353616532,1
LP002877,Male,Yes,1,Graduate,No,1782.0,2232.0,107.0,360.0,1.0,Rural,1.0,Has Credit History,4014.0,107000.0,26.656701544593922,21.340247307538892,1
LP002888,Male,No,0,Graduate,No,3182.0,2917.0,161.0,360.0,1.0,Urban,0.0,Has Credit History,6099.0,161000.0,26.397770126250204,22.679250598675868,1
LP002892,Male,Yes,2,Graduate,No,6540.0,0.0,205.0,360.0,1.0,Semiurban,2.0,Has Credit History,6540.0,205000.0,31.345565749235472,27.188328912466844,0
LP002893,Male,No,0,Graduate,No,1836.0,33837.0,90.0,360.0,1.0,Urban,0.0,Has Credit History,35673.0,90000.0,2.5229164914641324,2.4541215608213127,1
LP002894,Female,Yes,0,Graduate,No,3166.0,0.0,36.0,360.0,1.0,Semiurban,0.0,Has Credit History,3166.0,36000.0,11.37081490840177,8.641382621219394,0
LP002898,Male,Yes,1,Graduate,No,1880.0,0.0,61.0,360.0,,Rural,1.0,Unknown/Not on File,1880.0,61000.0,32.4468085106383,21.180555555555557,0
LP002911,Male,Yes,1,Graduate,No,2787.0,1917.0,146.0,360.0,0.0,Rural,1.0,No Credit History,4704.0,146000.0,31.037414965986393,25.5960729312763,1
LP002912,Male,Yes,1,Graduate,No,4283.0,3000.0,172.0,84.0,1.0,Rural,1.0,Has Credit History,7283.0,172000.0,23.61664149388988,20.7654231558614,1
LP002916,Male,Yes,0,Graduate,No,2297.0,1522.0,104.0,360.0,1.0,Urban,0.0,Has Credit History,3819.0,104000.0,27.232259753862266,21.58124092135298,1
LP002917,Female,No,0,Not Graduate,No,2165.0,0.0,70.0,360.0,1.0,Semiurban,0.0,Has Credit History,2165.0,70000.0,32.33256351039261,22.11690363349131,0
LP002925,Male,No,0,Graduate,No,4750.0,0.0,94.0,360.0,1.0,Semiurban,0.0,Has Credit History,4750.0,94000.0,19.789473684210527,16.347826086956523,0
LP002926,Male,Yes,2,Graduate,Yes,2726.0,0.0,106.0,360.0,0.0,Semiurban,2.0,No Credit History,2726.0,106000.0,38.88481291269259,28.44873859366613,0
LP002928,Male,Yes,0,Graduate,No,3000.0,3416.0,56.0,180.0,1.0,Semiurban,0.0,Has Credit History,6416.0,56000.0,8.728179551122194,7.5512405609492985,1
LP002931,Male,Yes,2,Graduate,Yes,6000.0,0.0,205.0,240.0,1.0,Semiurban,2.0,Has Credit History,6000.0,205000.0,34.166666666666664,29.285714285714285,0
LP002933,Male,No,3+,Graduate,Yes,9357.0,0.0,292.0,360.0,1.0,Semiurban,3.0,Has Credit History,9357.0,292000.0,31.206583306615368,28.193492324032057,0
LP002936,Male,Yes,0,Graduate,No,3859.0,3300.0,142.0,180.0,1.0,Rural,0.0,Has Credit History,7159.0,142000.0,19.835172510127112,17.40409363892634,1
LP002938,Male,Yes,0,Graduate,Yes,16120.0,0.0,260.0,360.0,1.0,Urban,0.0,Has Credit History,16120.0,260000.0,16.129032258064516,15.186915887850466,0
LP002940,Male,No,0,Not Graduate,No,3833.0,0.0,110.0,360.0,1.0,Rural,0.0,Has Credit History,3833.0,110000.0,28.69814766501435,22.76019035795572,0
LP002941,Male,Yes,2,Not Graduate,Yes,6383.0,1000.0,187.0,360.0,1.0,Rural,2.0,Has Credit History,7383.0,187000.0,25.328457266693757,22.307049982106648,1
LP002943,Male,No,0,Graduate,No,2987.0,0.0,88.0,360.0,0.0,Semiurban,,No Credit History,2987.0,88000.0,29.46099765651155,22.071733132681214,0
LP002945,Male,Yes,0,Graduate,Yes,9963.0,0.0,180.0,360.0,1.0,Rural,0.0,Has Credit History,9963.0,180000.0,18.066847335140018,16.418863449785643,0
LP002948,Male,Yes,2,Graduate,No,5780.0,0.0,192.0,360.0,1.0,Urban,2.0,Has Credit History,5780.0,192000.0,33.21799307958477,28.318584070796458,0
LP002949,Female,No,3+,Graduate,No,416.0,41667.0,350.0,180.0,,Urban,3.0,Unknown/Not on File,42083.0,350000.0,8.31689755958463,8.123853956316877,1
LP002950,Male,Yes,0,Not Graduate,No,2894.0,2792.0,155.0,360.0,1.0,Rural,0.0,Has Credit History,5686.0,155000.0,27.259936686598664,23.182769967095425,1
LP002953,Male,Yes,3+,Graduate,No,5703.0,0.0,128.0,360.0,1.0,Urban,3.0,Has Credit History,5703.0,128000.0,22.44432754690514,19.095927196777563,0
LP002958,Male,No,0,Graduate,No,3676.0,4301.0,172.0,360.0,1.0,Rural,0.0,Has Credit History,7977.0,172000.0,21.561990723329572,19.16007574913668,1
LP002959,Female,Yes,1,Graduate,No,12000.0,0.0,496.0,360.0,1.0,Semiurban,1.0,Has Credit History,12000.0,496000.0,41.333333333333336,38.15384615384615,0
LP002960,Male,Yes,0,Not Graduate,No,2400.0,3800.0,126.0,180.0,1.0,Urban,0.0,Has Credit History,6200.0,126000.0,20.322580645161292,17.5,1
LP002961,Male,Yes,1,Graduate,No,3400.0,2500.0,173.0,360.0,1.0,Semiurban,1.0,Has Credit History,5900.0,173000.0,29.322033898305083,25.07246376811594,1
LP002964,Male,Yes,2,Not Graduate,No,3987.0,1411.0,157.0,360.0,1.0,Rural,2.0,Has Credit History,5398.0,157000.0,29.084846239347907,24.538918412003753,1
LP002974,Male,Yes,0,Graduate,No,3232.0,1950.0,108.0,360.0,1.0,Rural,0.0,Has Credit History,5182.0,108000.0,20.841373986877652,17.47007440957619,1
LP002978,Female,No,0,Graduate,No,2900.0,0.0,71.0,360.0,1.0,Rural,0.0,Has Credit History,2900.0,71000.0,24.482758620689655,18.205128205128204,0
LP002979,Male,Yes,3+,Graduate,No,4106.0,0.0,40.0,180.0,1.0,Rural,3.0,Has Credit History,4106.0,40000.0,9.74184120798831,7.833920877399138,0
LP002983,Male,Yes,1,Graduate,No,8072.0,240.0,253.0,360.0,1.0,Urban,1.0,Has Credit History,8312.0,253000.0,30.437921077959576,27.169243986254298,1
LP002984,Male,Yes,2,Graduate,No,7583.0,0.0,187.0,360.0,1.0,Urban,2.0,Has Credit History,7583.0,187000.0,24.66042463404985,21.78725387393685,0
LP002990,Female,No,0,Graduate,Yes,4583.0,0.0,133.0,360.0,0.0,Semiurban,0.0,No Credit History,4583.0,133000.0,29.02029238490072,23.822317750313452,0
