Loan_ID,Gender,Married,Dependents,Education,Self_Employed,ApplicantIncome,CoapplicantIncome,LoanAmount,Loan_Amount_Term,Credit_History,Property_Area,Dependents_numeric,Credit_History_Status,TotalIncome,LoanAmount_Actual,Loan_to_Income_Ratio,Score_CreditHistory,Score_LoanToIncome,Score_Employment,Score_Stability,Approval_Likelihood_Score,Likelihood_Band
LP001015,Male,Yes,0,Graduate,No,5720.0,0.0,110.0,360.0,1.0,Urban,0.0,Has Credit History,5720.0,110000.0,19.23076923076923,40,18,10,20,92.6,High
LP001022,Male,Yes,1,Graduate,No,3076.0,1500.0,126.0,360.0,1.0,Urban,1.0,Has Credit History,4576.0,126000.0,27.534965034965033,40,10,10,17,81.1,High
LP001031,Male,Yes,2,Graduate,No,5000.0,1800.0,208.0,360.0,1.0,Urban,2.0,Has Credit History,6800.0,208000.0,30.58823529411765,40,10,10,17,81.1,High
LP001035,Male,Yes,2,Graduate,No,2340.0,2546.0,100.0,360.0,,Urban,2.0,Unknown/Not on File,4886.0,100000.0,20.466639377814165,20,18,10,17,68.4,Medium
LP001051,Male,No,0,Not Graduate,No,3276.0,0.0,78.0,360.0,1.0,Urban,0.0,Has Credit History,3276.0,78000.0,23.80952380952381,40,18,10,14,86.3,High
LP001054,Male,Yes,0,Not Graduate,Yes,2165.0,3422.0,152.0,360.0,1.0,Urban,0.0,Has Credit History,5587.0,152000.0,27.206013960980847,40,10,6,17,76.8,High
LP001055,Female,No,1,Not Graduate,No,2226.0,0.0,59.0,360.0,1.0,Semiurban,1.0,Has Credit History,2226.0,59000.0,26.50494159928122,40,10,10,11,74.7,High
LP001056,Male,Yes,2,Not Graduate,No,3881.0,0.0,147.0,360.0,0.0,Rural,2.0,No Credit History,3881.0,147000.0,37.876835867044576,8,3,10,14,36.8,Low
LP001059,Male,Yes,2,Graduate,No,13633.0,0.0,280.0,240.0,1.0,Urban,2.0,Has Credit History,13633.0,280000.0,20.538399471869727,40,18,10,15,87.4,High
LP001067,Male,No,0,Not Graduate,No,2400.0,2400.0,123.0,360.0,1.0,Semiurban,0.0,Has Credit History,4800.0,123000.0,25.625,40,18,10,14,86.3,High
LP001078,Male,No,0,Not Graduate,No,3091.0,0.0,90.0,360.0,1.0,Urban,0.0,Has Credit History,3091.0,90000.0,29.11679068262698,40,10,10,14,77.9,High
LP001082,Male,Yes,1,Graduate,No,2185.0,1516.0,162.0,360.0,1.0,Semiurban,1.0,Has Credit History,3701.0,162000.0,43.77195352607403,40,3,10,17,73.7,High
LP001083,Male,No,3+,Graduate,No,4166.0,0.0,40.0,180.0,,Urban,3.0,Unknown/Not on File,4166.0,40000.0,9.601536245799329,20,25,10,12,70.5,High
LP001094,Male,Yes,2,Graduate,No,12173.0,0.0,166.0,360.0,0.0,Semiurban,2.0,No Credit History,12173.0,166000.0,13.63673704099236,8,25,10,17,63.2,Medium
LP001096,Female,No,0,Graduate,No,4666.0,0.0,124.0,360.0,1.0,Semiurban,0.0,Has Credit History,4666.0,124000.0,26.57522503214745,40,10,10,17,81.1,High
LP001099,Male,No,1,Graduate,No,5667.0,0.0,131.0,360.0,1.0,Urban,1.0,Has Credit History,5667.0,131000.0,23.116287277218987,40,18,10,14,86.3,High
LP001105,Male,Yes,2,Graduate,No,4583.0,2916.0,200.0,360.0,1.0,Urban,2.0,Has Credit History,7499.0,200000.0,26.670222696359513,40,10,10,17,81.1,High
LP001107,Male,Yes,3+,Graduate,No,3786.0,333.0,126.0,360.0,1.0,Semiurban,3.0,Has Credit History,4119.0,126000.0,30.58994901675164,40,10,10,17,81.1,High
LP001108,Male,Yes,0,Graduate,No,9226.0,7916.0,300.0,360.0,1.0,Urban,0.0,Has Credit History,17142.0,300000.0,17.50087504375219,40,25,10,20,100.0,High
LP001115,Male,No,0,Graduate,No,1300.0,3470.0,100.0,180.0,1.0,Semiurban,0.0,Has Credit History,4770.0,100000.0,20.964360587002098,40,18,10,15,87.4,High
LP001121,Male,Yes,1,Not Graduate,No,1888.0,1620.0,48.0,360.0,1.0,Urban,1.0,Has Credit History,3508.0,48000.0,13.683010262257696,40,25,10,14,93.7,High
LP001124,Female,No,3+,Not Graduate,No,2083.0,0.0,28.0,180.0,1.0,Urban,3.0,Has Credit History,2083.0,28000.0,13.44215074411906,40,25,10,9,88.4,High
LP001128,Male,No,0,Graduate,No,3909.0,0.0,101.0,360.0,1.0,Urban,0.0,Has Credit History,3909.0,101000.0,25.837810181632133,40,18,10,17,89.5,High
LP001135,Female,No,0,Not Graduate,No,3765.0,0.0,125.0,360.0,1.0,Urban,0.0,Has Credit History,3765.0,125000.0,33.200531208499335,40,10,10,14,77.9,High
LP001149,Male,Yes,0,Graduate,No,5400.0,4380.0,290.0,360.0,1.0,Urban,0.0,Has Credit History,9780.0,290000.0,29.652351738241308,40,10,10,20,84.2,High
LP001153,Male,No,0,Graduate,No,0.0,24000.0,148.0,360.0,0.0,Rural,0.0,No Credit History,24000.0,148000.0,6.166666666666667,8,25,10,17,63.2,Medium
LP001163,Male,Yes,2,Graduate,No,4363.0,1250.0,140.0,360.0,,Urban,2.0,Unknown/Not on File,5613.0,140000.0,24.942098699447712,20,18,10,17,68.4,Medium
LP001169,Male,Yes,0,Graduate,No,7500.0,3750.0,275.0,360.0,1.0,Urban,0.0,Has Credit History,11250.0,275000.0,24.444444444444443,40,18,10,20,92.6,High
LP001174,Male,Yes,0,Graduate,No,3772.0,833.0,57.0,360.0,,Semiurban,0.0,Unknown/Not on File,4605.0,57000.0,12.37785016286645,20,25,10,20,78.9,High
LP001176,Male,No,0,Graduate,No,2942.0,2382.0,125.0,180.0,1.0,Urban,0.0,Has Credit History,5324.0,125000.0,23.478587528174305,40,18,10,15,87.4,High
LP001177,Female,No,0,Not Graduate,No,2478.0,0.0,75.0,360.0,1.0,Semiurban,0.0,Has Credit History,2478.0,75000.0,30.26634382566586,40,10,10,14,77.9,High
LP001183,Male,Yes,2,Graduate,No,6250.0,820.0,192.0,360.0,1.0,Urban,2.0,Has Credit History,7070.0,192000.0,27.157001414427157,40,10,10,17,81.1,High
LP001185,Male,No,0,Graduate,No,3268.0,1683.0,152.0,360.0,1.0,Semiurban,0.0,Has Credit History,4951.0,152000.0,30.700868511411837,40,10,10,17,81.1,High
LP001187,Male,Yes,0,Graduate,No,2783.0,2708.0,158.0,360.0,1.0,Urban,0.0,Has Credit History,5491.0,158000.0,28.774358040429796,40,10,10,20,84.2,High
LP001190,Male,Yes,0,Graduate,No,2740.0,1541.0,101.0,360.0,1.0,Urban,0.0,Has Credit History,4281.0,101000.0,23.59261854706844,40,18,10,20,92.6,High
LP001203,Male,No,0,Graduate,No,3150.0,0.0,176.0,360.0,0.0,Semiurban,0.0,No Credit History,3150.0,176000.0,55.87301587301587,8,3,10,17,40.0,Low
LP001208,Male,Yes,2,Graduate,No,7350.0,4029.0,185.0,180.0,1.0,Urban,2.0,Has Credit History,11379.0,185000.0,16.25801915809825,40,25,10,15,94.7,High
LP001210,Male,Yes,0,Graduate,Yes,2267.0,2792.0,90.0,360.0,1.0,Urban,0.0,Has Credit History,5059.0,90000.0,17.79007709033406,40,25,6,20,95.8,High
LP001211,Male,No,0,Graduate,Yes,5833.0,0.0,116.0,360.0,1.0,Urban,0.0,Has Credit History,5833.0,116000.0,19.886850677181553,40,18,6,17,85.3,High
LP001219,Male,No,0,Graduate,No,3643.0,1963.0,138.0,360.0,1.0,Urban,0.0,Has Credit History,5606.0,138000.0,24.616482340349627,40,18,10,17,89.5,High
LP001220,Male,Yes,0,Graduate,No,5629.0,818.0,100.0,360.0,1.0,Urban,0.0,Has Credit History,6447.0,100000.0,15.511090429657203,40,25,10,20,100.0,High
LP001221,Female,No,0,Graduate,No,3644.0,0.0,110.0,360.0,1.0,Urban,0.0,Has Credit History,3644.0,110000.0,30.186608122941823,40,10,10,17,81.1,High
LP001226,Male,Yes,0,Not Graduate,No,1750.0,2024.0,90.0,360.0,1.0,Semiurban,0.0,Has Credit History,3774.0,90000.0,23.84737678855326,40,18,10,17,89.5,High
LP001230,Male,No,0,Graduate,No,6500.0,2600.0,200.0,360.0,1.0,Semiurban,0.0,Has Credit History,9100.0,200000.0,21.978021978021975,40,18,10,17,89.5,High
LP001231,Female,No,0,Graduate,No,3666.0,0.0,84.0,360.0,1.0,Urban,0.0,Has Credit History,3666.0,84000.0,22.913256955810148,40,18,10,17,89.5,High
LP001232,Male,Yes,0,Graduate,No,4260.0,3900.0,185.0,360.0,,Urban,0.0,Unknown/Not on File,8160.0,185000.0,22.67156862745098,20,18,10,20,71.6,High
LP001237,Male,Yes,0,Not Graduate,No,4163.0,1475.0,162.0,360.0,1.0,Urban,0.0,Has Credit History,5638.0,162000.0,28.73359347286272,40,10,10,17,81.1,High
LP001242,Male,No,0,Not Graduate,No,2356.0,1902.0,108.0,360.0,1.0,Semiurban,0.0,Has Credit History,4258.0,108000.0,25.3640206669798,40,18,10,14,86.3,High
LP001268,Male,No,0,Graduate,No,6792.0,3338.0,187.0,360.0,1.0,Urban,0.0,Has Credit History,10130.0,187000.0,18.460019743336623,40,18,10,17,89.5,High
LP001270,Male,Yes,3+,Not Graduate,Yes,8000.0,250.0,187.0,360.0,1.0,Semiurban,3.0,Has Credit History,8250.0,187000.0,22.666666666666668,40,18,6,14,82.1,High
LP001284,Male,Yes,1,Graduate,No,2419.0,1707.0,124.0,360.0,1.0,Urban,1.0,Has Credit History,4126.0,124000.0,30.05332040717402,40,10,10,17,81.1,High
LP001287,Male,Yes,3+,Not Graduate,No,3500.0,833.0,120.0,360.0,1.0,Semiurban,3.0,Has Credit History,4333.0,120000.0,27.6944380336949,40,10,10,14,77.9,High
LP001291,Male,Yes,1,Graduate,No,3500.0,3077.0,160.0,360.0,1.0,Semiurban,1.0,Has Credit History,6577.0,160000.0,24.32720085145203,40,18,10,17,89.5,High
LP001298,Male,Yes,2,Graduate,No,4116.0,1000.0,30.0,180.0,1.0,Urban,2.0,Has Credit History,5116.0,30000.0,5.863956215793589,40,25,10,15,94.7,High
LP001312,Male,Yes,0,Not Graduate,Yes,5293.0,0.0,92.0,360.0,1.0,Urban,0.0,Has Credit History,5293.0,92000.0,17.38144719440771,40,25,6,17,92.6,High
LP001313,Male,No,0,Graduate,No,2750.0,0.0,130.0,360.0,0.0,Urban,0.0,No Credit History,2750.0,130000.0,47.27272727272727,8,3,10,17,40.0,Low
LP001317,Female,No,0,Not Graduate,No,4402.0,0.0,130.0,360.0,1.0,Rural,0.0,Has Credit History,4402.0,130000.0,29.532030895047704,40,10,10,14,77.9,High
LP001321,Male,Yes,2,Graduate,No,3613.0,3539.0,134.0,180.0,1.0,Semiurban,2.0,Has Credit History,7152.0,134000.0,18.736017897091724,40,18,10,15,87.4,High
LP001323,Female,Yes,2,Graduate,No,2779.0,3664.0,176.0,360.0,0.0,Semiurban,2.0,No Credit History,6443.0,176000.0,27.316467484091262,8,10,10,17,47.4,Low
LP001324,Male,Yes,3+,Graduate,No,4720.0,0.0,90.0,180.0,1.0,Semiurban,3.0,Has Credit History,4720.0,90000.0,19.06779661016949,40,18,10,15,87.4,High
LP001332,Male,Yes,0,Not Graduate,No,2415.0,1721.0,110.0,360.0,1.0,Semiurban,0.0,Has Credit History,4136.0,110000.0,26.595744680851062,40,10,10,17,81.1,High
LP001335,Male,Yes,0,Graduate,Yes,7016.0,292.0,125.0,360.0,1.0,Urban,0.0,Has Credit History,7308.0,125000.0,17.10454296661193,40,25,6,20,95.8,High
LP001338,Female,No,2,Graduate,No,4968.0,0.0,189.0,360.0,1.0,Semiurban,2.0,Has Credit History,4968.0,189000.0,38.04347826086956,40,3,10,14,70.5,High
LP001347,Female,No,0,Graduate,No,2101.0,1500.0,108.0,360.0,0.0,Rural,0.0,No Credit History,3601.0,108000.0,29.991668980838657,8,10,10,17,47.4,Low
LP001348,Male,Yes,3+,Not Graduate,No,4490.0,0.0,125.0,360.0,1.0,Urban,3.0,Has Credit History,4490.0,125000.0,27.839643652561247,40,10,10,14,77.9,High
LP001351,Male,Yes,0,Graduate,No,2917.0,3583.0,138.0,360.0,1.0,Semiurban,0.0,Has Credit History,6500.0,138000.0,21.23076923076923,40,18,10,20,92.6,High
LP001352,Male,Yes,0,Not Graduate,No,4700.0,0.0,135.0,360.0,0.0,Semiurban,0.0,No Credit History,4700.0,135000.0,28.72340425531915,8,10,10,17,47.4,Low
LP001358,Male,Yes,0,Graduate,No,3445.0,0.0,130.0,360.0,0.0,Semiurban,0.0,No Credit History,3445.0,130000.0,37.735849056603776,8,3,10,20,43.2,Low
LP001359,Male,Yes,0,Graduate,No,7666.0,0.0,187.0,360.0,1.0,Semiurban,0.0,Has Credit History,7666.0,187000.0,24.3934255152622,40,18,10,20,92.6,High
LP001361,Male,Yes,0,Graduate,No,2458.0,5105.0,188.0,360.0,0.0,Rural,0.0,No Credit History,7563.0,188000.0,24.85786063731323,8,18,10,20,58.9,Medium
LP001366,Female,No,0,Graduate,No,3250.0,0.0,95.0,360.0,1.0,Semiurban,0.0,Has Credit History,3250.0,95000.0,29.23076923076923,40,10,10,17,81.1,High
LP001368,Male,No,0,Graduate,No,4463.0,0.0,65.0,360.0,1.0,Semiurban,0.0,Has Credit History,4463.0,65000.0,14.564194488012548,40,25,10,17,96.8,High
LP001375,Male,Yes,1,Graduate,No,4083.0,1775.0,139.0,60.0,1.0,Urban,1.0,Has Credit History,5858.0,139000.0,23.72823489245476,40,18,10,15,87.4,High
LP001380,Male,Yes,0,Graduate,Yes,3900.0,2094.0,232.0,360.0,1.0,Rural,0.0,Has Credit History,5994.0,232000.0,38.70537203870537,40,3,6,20,72.6,High
LP001386,Male,Yes,0,Not Graduate,No,4750.0,3583.0,144.0,360.0,1.0,Semiurban,0.0,Has Credit History,8333.0,144000.0,17.280691227649108,40,25,10,17,96.8,High
LP001400,Male,No,0,Graduate,No,3583.0,3435.0,155.0,360.0,1.0,Urban,0.0,Has Credit History,7018.0,155000.0,22.086064405813623,40,18,10,17,89.5,High
LP001407,Male,Yes,0,Graduate,No,3189.0,2367.0,186.0,360.0,1.0,Urban,0.0,Has Credit History,5556.0,186000.0,33.47732181425486,40,10,10,20,84.2,High
LP001413,Male,No,0,Graduate,Yes,6356.0,0.0,50.0,360.0,1.0,Rural,0.0,Has Credit History,6356.0,50000.0,7.866582756450597,40,25,6,17,92.6,High
LP001415,Male,Yes,1,Graduate,No,3413.0,4053.0,126.0,360.0,1.0,Semiurban,1.0,Has Credit History,7466.0,126000.0,16.87650683096705,40,25,10,17,96.8,High
LP001419,Female,Yes,0,Graduate,No,7950.0,0.0,185.0,360.0,1.0,Urban,0.0,Has Credit History,7950.0,185000.0,23.270440251572328,40,18,10,20,92.6,High
LP001420,Male,Yes,3+,Graduate,No,3829.0,1103.0,163.0,360.0,0.0,Urban,3.0,No Credit History,4932.0,163000.0,33.04947283049473,8,10,10,17,47.4,Low
LP001428,Male,Yes,3+,Graduate,No,72529.0,0.0,360.0,360.0,1.0,Urban,3.0,Has Credit History,72529.0,360000.0,4.963531828647851,40,25,10,17,96.8,High
LP001445,Male,Yes,2,Not Graduate,No,4136.0,0.0,149.0,480.0,0.0,Rural,2.0,No Credit History,4136.0,149000.0,36.02514506769826,8,3,10,14,36.8,Low
LP001446,Male,Yes,0,Graduate,No,8449.0,0.0,257.0,360.0,1.0,Rural,0.0,Has Credit History,8449.0,257000.0,30.417800923186174,40,10,10,20,84.2,High
LP001450,Male,Yes,0,Graduate,No,4456.0,0.0,131.0,180.0,0.0,Semiurban,0.0,No Credit History,4456.0,131000.0,29.398563734290843,8,10,10,18,48.4,Low
LP001452,Male,Yes,2,Graduate,No,4635.0,8000.0,102.0,180.0,1.0,Rural,2.0,Has Credit History,12635.0,102000.0,8.072813612979818,40,25,10,15,94.7,High
LP001455,Male,Yes,0,Graduate,No,3571.0,1917.0,135.0,360.0,1.0,Urban,0.0,Has Credit History,5488.0,135000.0,24.599125364431487,40,18,10,20,92.6,High
LP001466,Male,No,0,Graduate,No,3066.0,0.0,95.0,360.0,1.0,Semiurban,0.0,Has Credit History,3066.0,95000.0,30.9849967384214,40,10,10,17,81.1,High
LP001471,Male,No,2,Not Graduate,No,3235.0,2015.0,77.0,360.0,1.0,Semiurban,2.0,Has Credit History,5250.0,77000.0,14.666666666666666,40,25,10,11,90.5,High
LP001472,Female,No,0,Graduate,No,5058.0,0.0,200.0,360.0,1.0,Rural,0.0,Has Credit History,5058.0,200000.0,39.541320680110715,40,3,10,17,73.7,High
LP001475,Male,Yes,0,Graduate,Yes,3188.0,2286.0,130.0,360.0,,Rural,0.0,Unknown/Not on File,5474.0,130000.0,23.748629886737305,20,18,6,20,67.4,Medium
LP001483,Male,Yes,3+,Graduate,No,13518.0,0.0,390.0,360.0,1.0,Rural,3.0,Has Credit History,13518.0,390000.0,28.850421660008877,40,10,10,17,81.1,High
LP001486,Male,Yes,1,Graduate,No,4364.0,2500.0,185.0,360.0,1.0,Semiurban,1.0,Has Credit History,6864.0,185000.0,26.952214452214452,40,10,10,17,81.1,High
LP001490,Male,Yes,2,Not Graduate,No,4766.0,1646.0,100.0,360.0,1.0,Semiurban,2.0,Has Credit History,6412.0,100000.0,15.595757953836555,40,25,10,14,93.7,High
LP001496,Male,Yes,1,Graduate,No,4609.0,2333.0,123.0,360.0,0.0,Semiurban,1.0,No Credit History,6942.0,123000.0,17.718236819360413,8,25,10,17,63.2,Medium
LP001499,Female,Yes,3+,Graduate,No,6260.0,0.0,110.0,360.0,1.0,Semiurban,3.0,Has Credit History,6260.0,110000.0,17.57188498402556,40,25,10,17,96.8,High
LP001500,Male,Yes,1,Graduate,No,3333.0,4200.0,256.0,360.0,1.0,Urban,1.0,Has Credit History,7533.0,256000.0,33.98380459312359,40,10,10,17,81.1,High
LP001501,Male,Yes,0,Graduate,No,3500.0,3250.0,140.0,360.0,1.0,Semiurban,0.0,Has Credit History,6750.0,140000.0,20.74074074074074,40,18,10,20,92.6,High
LP001517,Male,Yes,3+,Graduate,No,9719.0,0.0,61.0,360.0,1.0,Urban,3.0,Has Credit History,9719.0,61000.0,6.276365881263504,40,25,10,17,96.8,High
LP001527,Male,Yes,3+,Graduate,No,6835.0,0.0,188.0,360.0,,Semiurban,3.0,Unknown/Not on File,6835.0,188000.0,27.505486466715436,20,10,10,17,60.0,Medium
LP001534,Male,No,0,Graduate,No,4452.0,0.0,131.0,360.0,1.0,Rural,0.0,Has Credit History,4452.0,131000.0,29.42497753818509,40,10,10,17,81.1,High
LP001542,Female,Yes,0,Graduate,No,2262.0,0.0,126.0,480.0,0.0,Semiurban,0.0,No Credit History,2262.0,126000.0,55.70291777188329,8,3,10,20,43.2,Low
LP001547,Male,Yes,1,Graduate,No,3901.0,0.0,116.0,360.0,1.0,Urban,1.0,Has Credit History,3901.0,116000.0,29.735965137144323,40,10,10,17,81.1,High
LP001548,Male,Yes,2,Not Graduate,No,2687.0,0.0,50.0,180.0,1.0,Rural,2.0,Has Credit History,2687.0,50000.0,18.608113137327877,40,18,10,12,84.2,High
LP001558,Male,No,0,Graduate,No,2243.0,2233.0,107.0,360.0,,Semiurban,0.0,Unknown/Not on File,4476.0,107000.0,23.905272564789993,20,18,10,17,68.4,Medium
LP001561,Female,Yes,0,Graduate,No,3417.0,1287.0,200.0,360.0,1.0,Semiurban,0.0,Has Credit History,4704.0,200000.0,42.51700680272109,40,3,10,20,76.8,High
LP001563,Male,No,0,Graduate,No,1596.0,1760.0,119.0,360.0,0.0,Urban,0.0,No Credit History,3356.0,119000.0,35.45887961859356,8,3,10,17,40.0,Low
LP001567,Male,Yes,3+,Graduate,No,4513.0,0.0,120.0,360.0,1.0,Rural,3.0,Has Credit History,4513.0,120000.0,26.589851539995568,40,10,10,17,81.1,High
LP001568,Male,Yes,0,Graduate,No,4500.0,0.0,140.0,360.0,1.0,Semiurban,0.0,Has Credit History,4500.0,140000.0,31.11111111111111,40,10,10,20,84.2,High
LP001573,Male,Yes,0,Not Graduate,No,4523.0,1350.0,165.0,360.0,1.0,Urban,0.0,Has Credit History,5873.0,165000.0,28.094670526136557,40,10,10,17,81.1,High
LP001584,Female,No,0,Graduate,Yes,4742.0,0.0,108.0,360.0,1.0,Semiurban,0.0,Has Credit History,4742.0,108000.0,22.775200337410375,40,18,6,17,85.3,High
LP001587,Male,Yes,0,Graduate,No,4082.0,0.0,93.0,360.0,1.0,Semiurban,0.0,Has Credit History,4082.0,93000.0,22.782949534541892,40,18,10,20,92.6,High
LP001589,Female,No,0,Graduate,No,3417.0,0.0,102.0,360.0,1.0,Urban,0.0,Has Credit History,3417.0,102000.0,29.850746268656717,40,10,10,17,81.1,High
LP001591,Female,Yes,2,Graduate,No,2922.0,3396.0,122.0,360.0,1.0,Semiurban,2.0,Has Credit History,6318.0,122000.0,19.30990819879709,40,18,10,17,89.5,High
LP001599,Male,Yes,0,Graduate,No,4167.0,4754.0,160.0,360.0,1.0,Rural,0.0,Has Credit History,8921.0,160000.0,17.935209057280574,40,25,10,20,100.0,High
LP001601,Male,No,3+,Graduate,No,4243.0,4123.0,157.0,360.0,,Semiurban,3.0,Unknown/Not on File,8366.0,157000.0,18.766435572555583,20,18,10,14,65.3,Medium
LP001607,Female,No,0,Not Graduate,No,0.0,1760.0,180.0,360.0,1.0,Semiurban,0.0,Has Credit History,1760.0,180000.0,102.27272727272728,40,3,10,14,70.5,High
LP001611,Male,Yes,1,Graduate,No,1516.0,2900.0,80.0,360.0,0.0,Rural,1.0,No Credit History,4416.0,80000.0,18.115942028985508,8,18,10,17,55.8,Medium
LP001613,Female,No,0,Graduate,No,1762.0,2666.0,104.0,360.0,0.0,Urban,0.0,No Credit History,4428.0,104000.0,23.486901535682023,8,18,10,17,55.8,Medium
LP001622,Male,Yes,2,Graduate,No,724.0,3510.0,213.0,360.0,0.0,Rural,2.0,No Credit History,4234.0,213000.0,50.30703826169107,8,3,10,17,40.0,Low
LP001627,Male,No,0,Graduate,No,3125.0,0.0,65.0,360.0,1.0,Urban,0.0,Has Credit History,3125.0,65000.0,20.8,40,18,10,17,89.5,High
LP001650,Male,Yes,0,Graduate,No,2333.0,3803.0,146.0,360.0,1.0,Rural,0.0,Has Credit History,6136.0,146000.0,23.79400260756193,40,18,10,20,92.6,High
LP001651,Male,Yes,3+,Graduate,No,3350.0,1560.0,135.0,360.0,1.0,Urban,3.0,Has Credit History,4910.0,135000.0,27.4949083503055,40,10,10,17,81.1,High
LP001652,Male,No,0,Graduate,No,2500.0,6414.0,187.0,360.0,0.0,Rural,0.0,No Credit History,8914.0,187000.0,20.978236481938524,8,18,10,17,55.8,Medium
LP001655,Female,No,0,Graduate,No,12500.0,0.0,300.0,360.0,0.0,Urban,0.0,No Credit History,12500.0,300000.0,24.0,8,18,10,17,55.8,Medium
LP001660,Male,No,0,Graduate,No,4667.0,0.0,120.0,360.0,1.0,Semiurban,0.0,Has Credit History,4667.0,120000.0,25.7124491107778,40,18,10,17,89.5,High
LP001662,Male,No,0,Graduate,No,6500.0,0.0,71.0,360.0,0.0,Urban,0.0,No Credit History,6500.0,71000.0,10.923076923076923,8,25,10,17,63.2,Medium
LP001663,Male,Yes,2,Graduate,No,7500.0,0.0,225.0,360.0,1.0,Urban,2.0,Has Credit History,7500.0,225000.0,30.0,40,10,10,17,81.1,High
LP001667,Male,No,0,Graduate,No,3073.0,0.0,70.0,180.0,1.0,Urban,0.0,Has Credit History,3073.0,70000.0,22.779043280182233,40,18,10,15,87.4,High
LP001695,Male,Yes,1,Not Graduate,No,3321.0,2088.0,70.0,360.0,1.0,Semiurban,1.0,Has Credit History,5409.0,70000.0,12.94139397300795,40,25,10,14,93.7,High
LP001703,Male,Yes,0,Graduate,No,3333.0,1270.0,124.0,360.0,1.0,Urban,0.0,Has Credit History,4603.0,124000.0,26.9389528568325,40,10,10,20,84.2,High
LP001718,Male,No,0,Graduate,No,3391.0,0.0,132.0,360.0,1.0,Rural,0.0,Has Credit History,3391.0,132000.0,38.926570333235034,40,3,10,17,73.7,High
LP001728,Male,Yes,1,Graduate,Yes,3343.0,1517.0,105.0,360.0,1.0,Rural,1.0,Has Credit History,4860.0,105000.0,21.604938271604937,40,18,6,17,85.3,High
LP001735,Female,No,1,Graduate,No,3620.0,0.0,90.0,360.0,1.0,Urban,1.0,Has Credit History,3620.0,90000.0,24.86187845303867,40,18,10,14,86.3,High
LP001737,Male,No,0,Graduate,No,4000.0,0.0,83.0,84.0,1.0,Urban,0.0,Has Credit History,4000.0,83000.0,20.75,40,18,10,15,87.4,High
LP001739,Male,Yes,0,Graduate,No,4258.0,0.0,125.0,360.0,1.0,Urban,0.0,Has Credit History,4258.0,125000.0,29.35650540159699,40,10,10,20,84.2,High
LP001742,Male,Yes,2,Graduate,No,4500.0,0.0,147.0,360.0,1.0,Rural,2.0,Has Credit History,4500.0,147000.0,32.666666666666664,40,10,10,17,81.1,High
LP001757,Male,Yes,1,Graduate,No,2014.0,2925.0,120.0,360.0,1.0,Rural,1.0,Has Credit History,4939.0,120000.0,24.296416278598908,40,18,10,17,89.5,High
LP001769,Male,No,0,Graduate,No,3333.0,1250.0,110.0,360.0,1.0,Semiurban,0.0,Has Credit History,4583.0,110000.0,24.00174558149684,40,18,10,17,89.5,High
LP001771,Female,No,3+,Graduate,No,4083.0,0.0,103.0,360.0,,Semiurban,3.0,Unknown/Not on File,4083.0,103000.0,25.22654910604947,20,18,10,14,65.3,Medium
LP001785,Male,No,0,Graduate,No,4727.0,0.0,150.0,360.0,0.0,Rural,0.0,No Credit History,4727.0,150000.0,31.732599957689867,8,10,10,17,47.4,Low
LP001787,Male,Yes,3+,Graduate,No,3089.0,2999.0,100.0,240.0,1.0,Rural,3.0,Has Credit History,6088.0,100000.0,16.4257555847569,40,25,10,15,94.7,High
LP001789,Male,Yes,3+,Not Graduate,No,6794.0,528.0,139.0,360.0,0.0,Urban,3.0,No Credit History,7322.0,139000.0,18.983884184649003,8,18,10,14,52.6,Medium
LP001791,Male,Yes,0,Graduate,Yes,32000.0,0.0,550.0,360.0,,Semiurban,0.0,Unknown/Not on File,32000.0,550000.0,17.1875,20,25,6,20,74.7,High
LP001794,Male,Yes,2,Graduate,Yes,10890.0,0.0,260.0,12.0,1.0,Rural,2.0,Has Credit History,10890.0,260000.0,23.875114784205692,40,18,6,15,83.2,High
LP001797,Female,No,0,Graduate,No,12941.0,0.0,150.0,300.0,1.0,Urban,0.0,Has Credit History,12941.0,150000.0,11.591067150915697,40,25,10,15,94.7,High
LP001815,Male,No,0,Not Graduate,No,3276.0,0.0,90.0,360.0,1.0,Semiurban,0.0,Has Credit History,3276.0,90000.0,27.47252747252747,40,10,10,14,77.9,High
LP001817,Male,No,0,Not Graduate,Yes,8703.0,0.0,199.0,360.0,0.0,Rural,0.0,No Credit History,8703.0,199000.0,22.865678501666093,8,18,6,14,48.4,Low
LP001818,Male,Yes,1,Graduate,No,4742.0,717.0,139.0,360.0,1.0,Semiurban,1.0,Has Credit History,5459.0,139000.0,25.462538926543324,40,18,10,17,89.5,High
LP001822,Male,No,0,Graduate,No,5900.0,0.0,150.0,360.0,1.0,Urban,0.0,Has Credit History,5900.0,150000.0,25.42372881355932,40,18,10,17,89.5,High
LP001827,Male,No,0,Graduate,No,3071.0,4309.0,180.0,360.0,1.0,Urban,0.0,Has Credit History,7380.0,180000.0,24.390243902439025,40,18,10,17,89.5,High
LP001831,Male,Yes,0,Graduate,No,2783.0,1456.0,113.0,360.0,1.0,Urban,0.0,Has Credit History,4239.0,113000.0,26.65723047888653,40,10,10,20,84.2,High
LP001842,Male,No,0,Graduate,No,5000.0,0.0,148.0,360.0,1.0,Rural,0.0,Has Credit History,5000.0,148000.0,29.6,40,10,10,17,81.1,High
LP001853,Male,Yes,1,Not Graduate,No,2463.0,2360.0,117.0,360.0,0.0,Urban,1.0,No Credit History,4823.0,117000.0,24.258760107816713,8,18,10,14,52.6,Medium
LP001855,Male,Yes,2,Graduate,No,4855.0,0.0,72.0,360.0,1.0,Rural,2.0,Has Credit History,4855.0,72000.0,14.83007209062822,40,25,10,17,96.8,High
LP001857,Male,No,0,Not Graduate,Yes,1599.0,2474.0,125.0,300.0,1.0,Semiurban,0.0,Has Credit History,4073.0,125000.0,30.689909157868893,40,10,6,12,71.6,High
LP001862,Male,Yes,2,Graduate,Yes,4246.0,4246.0,214.0,360.0,1.0,Urban,2.0,Has Credit History,8492.0,214000.0,25.20018841262365,40,18,6,17,85.3,High
LP001867,Male,Yes,0,Graduate,No,4333.0,2291.0,133.0,350.0,1.0,Rural,0.0,Has Credit History,6624.0,133000.0,20.07850241545894,40,18,10,18,90.5,High
LP001878,Male,No,1,Graduate,No,5823.0,2529.0,187.0,360.0,1.0,Semiurban,1.0,Has Credit History,8352.0,187000.0,22.38984674329502,40,18,10,14,86.3,High
LP001881,Male,Yes,0,Not Graduate,No,7895.0,0.0,143.0,360.0,1.0,Rural,0.0,Has Credit History,7895.0,143000.0,18.11272957568081,40,18,10,17,89.5,High
LP001886,Male,No,0,Graduate,No,4150.0,4256.0,209.0,360.0,1.0,Rural,0.0,Has Credit History,8406.0,209000.0,24.86319295741137,40,18,10,17,89.5,High
LP001906,Male,No,0,Graduate,No,2964.0,0.0,84.0,360.0,0.0,Semiurban,0.0,No Credit History,2964.0,84000.0,28.34008097165992,8,10,10,17,47.4,Low
LP001909,Male,No,0,Graduate,No,5583.0,0.0,116.0,360.0,1.0,Urban,0.0,Has Credit History,5583.0,116000.0,20.77735984237865,40,18,10,17,89.5,High
LP001911,Female,No,0,Graduate,No,2708.0,0.0,65.0,360.0,1.0,Rural,0.0,Has Credit History,2708.0,65000.0,24.002954209748893,40,18,10,17,89.5,High
LP001921,Male,No,1,Graduate,No,3180.0,2370.0,80.0,240.0,,Rural,1.0,Unknown/Not on File,5550.0,80000.0,14.414414414414416,20,25,10,12,70.5,High
LP001923,Male,No,0,Not Graduate,No,2268.0,0.0,170.0,360.0,0.0,Semiurban,0.0,No Credit History,2268.0,170000.0,74.95590828924162,8,3,10,14,36.8,Low
LP001933,Male,No,2,Not Graduate,No,1141.0,2017.0,120.0,360.0,0.0,Urban,2.0,No Credit History,3158.0,120000.0,37.998733375554146,8,3,10,11,33.7,Low
LP001943,Male,Yes,0,Graduate,No,3042.0,3167.0,135.0,360.0,1.0,Urban,0.0,Has Credit History,6209.0,135000.0,21.742631663713965,40,18,10,20,92.6,High
LP001950,Female,Yes,3+,Graduate,No,1750.0,2935.0,94.0,360.0,0.0,Semiurban,3.0,No Credit History,4685.0,94000.0,20.064034151547492,8,18,10,17,55.8,Medium
LP001959,Female,Yes,1,Graduate,No,3564.0,0.0,79.0,360.0,1.0,Rural,1.0,Has Credit History,3564.0,79000.0,22.16610549943883,40,18,10,17,89.5,High
LP001961,Female,No,0,Graduate,No,3958.0,0.0,110.0,360.0,1.0,Rural,0.0,Has Credit History,3958.0,110000.0,27.791814047498736,40,10,10,17,81.1,High
LP001973,Male,Yes,2,Not Graduate,No,4483.0,0.0,130.0,360.0,1.0,Rural,2.0,Has Credit History,4483.0,130000.0,28.998438545616775,40,10,10,14,77.9,High
LP001975,Male,Yes,0,Graduate,No,5225.0,0.0,143.0,360.0,1.0,Rural,0.0,Has Credit History,5225.0,143000.0,27.36842105263158,40,10,10,20,84.2,High
LP001979,Male,No,0,Graduate,No,3017.0,2845.0,159.0,180.0,0.0,Urban,0.0,No Credit History,5862.0,159000.0,27.123848515864893,8,10,10,15,45.3,Low
LP001995,Male,Yes,0,Not Graduate,No,2431.0,1820.0,110.0,360.0,0.0,Rural,0.0,No Credit History,4251.0,110000.0,25.8762644083745,8,18,10,17,55.8,Medium
LP001999,Male,Yes,2,Graduate,No,4912.0,4614.0,160.0,360.0,1.0,Rural,2.0,Has Credit History,9526.0,160000.0,16.79613688851564,40,25,10,17,96.8,High
LP002007,Male,Yes,2,Not Graduate,No,2500.0,3333.0,131.0,360.0,1.0,Urban,2.0,Has Credit History,5833.0,131000.0,22.458426195782614,40,18,10,14,86.3,High
LP002009,Female,No,0,Graduate,No,2918.0,0.0,65.0,360.0,,Rural,0.0,Unknown/Not on File,2918.0,65000.0,22.27553118574366,20,18,10,17,68.4,Medium
LP002016,Male,Yes,2,Graduate,No,5128.0,0.0,143.0,360.0,1.0,Rural,2.0,Has Credit History,5128.0,143000.0,27.886115444617783,40,10,10,17,81.1,High
LP002017,Male,Yes,3+,Graduate,No,15312.0,0.0,187.0,360.0,,Urban,3.0,Unknown/Not on File,15312.0,187000.0,12.21264367816092,20,25,10,17,75.8,High
LP002018,Male,Yes,2,Graduate,No,3958.0,2632.0,160.0,360.0,1.0,Semiurban,2.0,Has Credit History,6590.0,160000.0,24.27921092564492,40,18,10,17,89.5,High
LP002027,Male,Yes,0,Graduate,No,4334.0,2945.0,165.0,360.0,1.0,Semiurban,0.0,Has Credit History,7279.0,165000.0,22.667948894078854,40,18,10,20,92.6,High
LP002028,Male,Yes,2,Graduate,No,4358.0,0.0,110.0,360.0,1.0,Urban,2.0,Has Credit History,4358.0,110000.0,25.24093620927031,40,18,10,17,89.5,High
LP002042,Female,Yes,1,Graduate,No,4000.0,3917.0,173.0,360.0,1.0,Rural,1.0,Has Credit History,7917.0,173000.0,21.85171150688392,40,18,10,17,89.5,High
LP002045,Male,Yes,3+,Graduate,No,10166.0,750.0,150.0,360.0,1.0,Urban,3.0,Has Credit History,10916.0,150000.0,13.741297178453646,40,25,10,17,96.8,High
LP002046,Male,Yes,0,Not Graduate,No,4483.0,0.0,135.0,360.0,,Semiurban,0.0,Unknown/Not on File,4483.0,135000.0,30.113763105063573,20,10,10,17,60.0,Medium
LP002047,Male,Yes,2,Not Graduate,No,4521.0,1184.0,150.0,360.0,1.0,Semiurban,2.0,Has Credit History,5705.0,150000.0,26.292725679228745,40,10,10,14,77.9,High
LP002056,Male,Yes,2,Graduate,No,9167.0,0.0,235.0,360.0,1.0,Semiurban,2.0,Has Credit History,9167.0,235000.0,25.63543143885677,40,18,10,17,89.5,High
LP002057,Male,Yes,0,Not Graduate,No,13083.0,0.0,126.0,360.0,1.0,Rural,0.0,Has Credit History,13083.0,126000.0,9.630818619582664,40,25,10,17,96.8,High
LP002059,Male,Yes,2,Graduate,No,7874.0,3967.0,336.0,360.0,1.0,Rural,2.0,Has Credit History,11841.0,336000.0,28.37598175829744,40,10,10,17,81.1,High
LP002062,Female,Yes,1,Graduate,No,4333.0,0.0,132.0,84.0,1.0,Rural,1.0,Has Credit History,4333.0,132000.0,30.46388183706439,40,10,10,15,78.9,High
LP002064,Male,No,0,Graduate,No,4083.0,0.0,96.0,360.0,1.0,Urban,0.0,Has Credit History,4083.0,96000.0,23.512123438648057,40,18,10,17,89.5,High
LP002069,Male,Yes,2,Not Graduate,No,3785.0,2912.0,180.0,360.0,0.0,Rural,2.0,No Credit History,6697.0,180000.0,26.877706435717485,8,10,10,14,44.2,Low
LP002070,Male,Yes,3+,Not Graduate,No,2654.0,1998.0,128.0,360.0,0.0,Rural,3.0,No Credit History,4652.0,128000.0,27.515047291487537,8,10,10,14,44.2,Low
LP002077,Male,Yes,1,Graduate,No,10000.0,2690.0,412.0,360.0,1.0,Semiurban,1.0,Has Credit History,12690.0,412000.0,32.46650906225374,40,10,10,17,81.1,High
LP002083,Male,No,0,Graduate,Yes,5833.0,0.0,116.0,360.0,1.0,Urban,0.0,Has Credit History,5833.0,116000.0,19.886850677181553,40,18,6,17,85.3,High
LP002090,Male,Yes,1,Graduate,No,4796.0,0.0,114.0,360.0,0.0,Semiurban,1.0,No Credit History,4796.0,114000.0,23.769808173477895,8,18,10,17,55.8,Medium
LP002096,Male,Yes,0,Not Graduate,No,2000.0,1600.0,115.0,360.0,1.0,Rural,0.0,Has Credit History,3600.0,115000.0,31.944444444444443,40,10,10,17,81.1,High
LP002099,Male,Yes,2,Graduate,No,2540.0,700.0,104.0,360.0,0.0,Urban,2.0,No Credit History,3240.0,104000.0,32.098765432098766,8,10,10,17,47.4,Low
LP002102,Male,Yes,0,Graduate,Yes,1900.0,1442.0,88.0,360.0,1.0,Rural,0.0,Has Credit History,3342.0,88000.0,26.33153800119689,40,10,6,20,80.0,High
LP002105,Male,Yes,0,Graduate,Yes,8706.0,0.0,108.0,480.0,1.0,Rural,0.0,Has Credit History,8706.0,108000.0,12.4052377670572,40,25,6,20,95.8,High
LP002107,Male,Yes,3+,Not Graduate,No,2855.0,542.0,90.0,360.0,1.0,Urban,3.0,Has Credit History,3397.0,90000.0,26.493965263467764,40,10,10,14,77.9,High
LP002111,Male,Yes,0,Graduate,No,3016.0,1300.0,100.0,360.0,,Urban,0.0,Unknown/Not on File,4316.0,100000.0,23.169601482854496,20,18,10,20,71.6,High
LP002117,Female,Yes,0,Graduate,No,3159.0,2374.0,108.0,360.0,1.0,Semiurban,0.0,Has Credit History,5533.0,108000.0,19.519248147478763,40,18,10,20,92.6,High
LP002118,Female,No,0,Graduate,No,1937.0,1152.0,78.0,360.0,1.0,Semiurban,0.0,Has Credit History,3089.0,78000.0,25.250890255746196,40,18,10,17,89.5,High
LP002123,Male,Yes,0,Graduate,No,2613.0,2417.0,123.0,360.0,1.0,Semiurban,0.0,Has Credit History,5030.0,123000.0,24.45328031809145,40,18,10,20,92.6,High
LP002125,Male,Yes,1,Graduate,No,4960.0,2600.0,187.0,360.0,1.0,Semiurban,1.0,Has Credit History,7560.0,187000.0,24.735449735449738,40,18,10,17,89.5,High
LP002148,Male,Yes,1,Graduate,No,3074.0,1083.0,146.0,360.0,1.0,Semiurban,1.0,Has Credit History,4157.0,146000.0,35.12148183786385,40,3,10,17,73.7,High
LP002152,Female,No,0,Graduate,No,4213.0,0.0,80.0,360.0,1.0,Urban,0.0,Has Credit History,4213.0,80000.0,18.988844054118207,40,18,10,17,89.5,High
LP002165,Male,No,1,Not Graduate,No,2038.0,4027.0,100.0,360.0,1.0,Rural,1.0,Has Credit History,6065.0,100000.0,16.488046166529266,40,25,10,11,90.5,High
LP002167,Female,No,0,Graduate,No,2362.0,0.0,55.0,360.0,1.0,Urban,0.0,Has Credit History,2362.0,55000.0,23.285351397121083,40,18,10,17,89.5,High
LP002168,Male,No,0,Graduate,No,5333.0,2400.0,200.0,360.0,0.0,Rural,0.0,No Credit History,7733.0,200000.0,25.8631837579206,8,18,10,17,55.8,Medium
LP002172,Male,Yes,3+,Graduate,Yes,5384.0,0.0,150.0,360.0,1.0,Semiurban,3.0,Has Credit History,5384.0,150000.0,27.86032689450223,40,10,6,17,76.8,High
LP002176,Male,No,0,Graduate,No,5708.0,0.0,150.0,360.0,1.0,Rural,0.0,Has Credit History,5708.0,150000.0,26.278906797477227,40,10,10,17,81.1,High
LP002183,Male,Yes,0,Not Graduate,No,3754.0,3719.0,118.0,360.0,1.0,Rural,0.0,Has Credit History,7473.0,118000.0,15.790177974039876,40,25,10,17,96.8,High
LP002184,Male,Yes,0,Not Graduate,No,2914.0,2130.0,150.0,300.0,1.0,Urban,0.0,Has Credit History,5044.0,150000.0,29.738302934179224,40,10,10,15,78.9,High
LP002186,Male,Yes,0,Not Graduate,No,2747.0,2458.0,118.0,36.0,1.0,Semiurban,0.0,Has Credit History,5205.0,118000.0,22.67050912584054,40,18,10,15,87.4,High
LP002192,Male,Yes,0,Graduate,No,7830.0,2183.0,212.0,360.0,1.0,Rural,0.0,Has Credit History,10013.0,212000.0,21.17247578148407,40,18,10,20,92.6,High
LP002195,Male,Yes,1,Graduate,Yes,3507.0,3148.0,212.0,360.0,1.0,Rural,1.0,Has Credit History,6655.0,212000.0,31.8557475582269,40,10,6,17,76.8,High
LP002208,Male,Yes,1,Graduate,No,3747.0,2139.0,125.0,360.0,1.0,Urban,1.0,Has Credit History,5886.0,125000.0,21.236833163438668,40,18,10,17,89.5,High
LP002212,Male,Yes,0,Graduate,No,2166.0,2166.0,108.0,360.0,,Urban,0.0,Unknown/Not on File,4332.0,108000.0,24.930747922437675,20,18,10,20,71.6,High
LP002240,Male,Yes,0,Not Graduate,No,3500.0,2168.0,149.0,360.0,1.0,Rural,0.0,Has Credit History,5668.0,149000.0,26.287932251235,40,10,10,17,81.1,High
LP002245,Male,Yes,2,Not Graduate,No,2896.0,0.0,80.0,480.0,1.0,Urban,2.0,Has Credit History,2896.0,80000.0,27.624309392265193,40,10,10,14,77.9,High
LP002253,Female,No,1,Graduate,No,5062.0,0.0,152.0,300.0,1.0,Rural,1.0,Has Credit History,5062.0,152000.0,30.0276570525484,40,10,10,12,75.8,High
LP002256,Female,No,2,Graduate,Yes,5184.0,0.0,187.0,360.0,0.0,Semiurban,2.0,No Credit History,5184.0,187000.0,36.07253086419753,8,3,6,14,32.6,Low
LP002257,Female,No,0,Graduate,No,2545.0,0.0,74.0,360.0,1.0,Urban,0.0,Has Credit History,2545.0,74000.0,29.076620825147348,40,10,10,17,81.1,High
LP002264,Male,Yes,0,Graduate,No,2553.0,1768.0,102.0,360.0,1.0,Urban,0.0,Has Credit History,4321.0,102000.0,23.605646841009023,40,18,10,20,92.6,High
LP002270,Male,Yes,1,Graduate,No,3436.0,3809.0,100.0,360.0,1.0,Rural,1.0,Has Credit History,7245.0,100000.0,13.802622498274673,40,25,10,17,96.8,High
LP002279,Male,No,0,Graduate,No,2412.0,2755.0,130.0,360.0,1.0,Rural,0.0,Has Credit History,5167.0,130000.0,25.159667118250436,40,18,10,17,89.5,High
LP002286,Male,Yes,3+,Not Graduate,No,5180.0,0.0,125.0,360.0,0.0,Urban,3.0,No Credit History,5180.0,125000.0,24.131274131274132,8,18,10,14,52.6,Medium
LP002294,Male,No,0,Graduate,No,14911.0,14507.0,130.0,360.0,1.0,Semiurban,0.0,Has Credit History,29418.0,130000.0,4.419063158610375,40,25,10,17,96.8,High
LP002298,Male,No,0,Graduate,Yes,2860.0,2988.0,138.0,360.0,1.0,Urban,0.0,Has Credit History,5848.0,138000.0,23.59781121751026,40,18,6,17,85.3,High
LP002306,Male,Yes,0,Graduate,No,1173.0,1594.0,28.0,180.0,1.0,Rural,0.0,Has Credit History,2767.0,28000.0,10.119262739428985,40,25,10,18,97.9,High
LP002310,Female,No,1,Graduate,No,7600.0,0.0,92.0,360.0,1.0,Semiurban,1.0,Has Credit History,7600.0,92000.0,12.105263157894736,40,25,10,14,93.7,High
LP002311,Female,Yes,0,Graduate,No,2157.0,1788.0,104.0,360.0,1.0,Urban,0.0,Has Credit History,3945.0,104000.0,26.362484157160964,40,10,10,20,84.2,High
LP002316,Male,No,0,Graduate,No,2231.0,2774.0,176.0,360.0,0.0,Urban,0.0,No Credit History,5005.0,176000.0,35.16483516483517,8,3,10,17,40.0,Low
LP002321,Female,No,0,Graduate,No,2274.0,5211.0,117.0,360.0,0.0,Semiurban,0.0,No Credit History,7485.0,117000.0,15.6312625250501,8,25,10,17,63.2,Medium
LP002325,Male,Yes,2,Not Graduate,No,6166.0,13983.0,102.0,360.0,1.0,Rural,2.0,Has Credit History,20149.0,102000.0,5.062285969527023,40,25,10,14,93.7,High
LP002326,Male,Yes,2,Not Graduate,No,2513.0,1110.0,107.0,360.0,1.0,Semiurban,2.0,Has Credit History,3623.0,107000.0,29.53353574385868,40,10,10,14,77.9,High
LP002329,Male,No,0,Graduate,No,4333.0,0.0,66.0,480.0,1.0,Urban,0.0,Has Credit History,4333.0,66000.0,15.231940918532194,40,25,10,17,96.8,High
LP002333,Male,No,0,Not Graduate,No,3844.0,0.0,105.0,360.0,1.0,Urban,0.0,Has Credit History,3844.0,105000.0,27.315296566077,40,10,10,14,77.9,High
LP002339,Male,Yes,0,Graduate,No,3887.0,1517.0,105.0,360.0,0.0,Semiurban,0.0,No Credit History,5404.0,105000.0,19.430051813471504,8,18,10,20,58.9,Medium
LP002344,Male,Yes,0,Graduate,No,3510.0,828.0,105.0,360.0,1.0,Semiurban,0.0,Has Credit History,4338.0,105000.0,24.20470262793914,40,18,10,20,92.6,High
LP002346,Male,Yes,0,Graduate,No,2539.0,1704.0,125.0,360.0,0.0,Rural,0.0,No Credit History,4243.0,125000.0,29.460287532406316,8,10,10,20,50.5,Medium
LP002354,Female,No,0,Not Graduate,No,2107.0,0.0,64.0,360.0,1.0,Semiurban,0.0,Has Credit History,2107.0,64000.0,30.374940673943996,40,10,10,14,77.9,High
LP002355,Male,Yes,0,Graduate,No,3186.0,3145.0,150.0,180.0,0.0,Semiurban,0.0,No Credit History,6331.0,150000.0,23.6929395040278,8,18,10,18,56.8,Medium
LP002358,Male,Yes,2,Graduate,Yes,5000.0,2166.0,150.0,360.0,1.0,Urban,2.0,Has Credit History,7166.0,150000.0,20.932179737650017,40,18,6,17,85.3,High
LP002360,Male,Yes,0,Graduate,No,10000.0,0.0,126.0,360.0,1.0,Urban,0.0,Has Credit History,10000.0,126000.0,12.6,40,25,10,20,100.0,High
LP002375,Male,Yes,0,Not Graduate,Yes,3943.0,0.0,64.0,360.0,1.0,Semiurban,0.0,Has Credit History,3943.0,64000.0,16.23129596753741,40,25,6,17,92.6,High
LP002376,Male,No,0,Graduate,No,2925.0,0.0,40.0,180.0,1.0,Rural,0.0,Has Credit History,2925.0,40000.0,13.675213675213676,40,25,10,15,94.7,High
LP002383,Male,Yes,3+,Graduate,No,3242.0,437.0,142.0,480.0,0.0,Urban,3.0,No Credit History,3679.0,142000.0,38.59744495786899,8,3,10,17,40.0,Low
LP002385,Male,Yes,0,Graduate,No,3863.0,0.0,70.0,300.0,1.0,Semiurban,0.0,Has Credit History,3863.0,70000.0,18.12063163344551,40,18,10,18,90.5,High
LP002389,Female,No,1,Graduate,No,4028.0,0.0,131.0,360.0,1.0,Semiurban,1.0,Has Credit History,4028.0,131000.0,32.522343594836144,40,10,10,14,77.9,High
LP002394,Male,Yes,2,Graduate,No,4010.0,1025.0,120.0,360.0,1.0,Urban,2.0,Has Credit History,5035.0,120000.0,23.83316782522344,40,18,10,17,89.5,High
LP002397,Female,Yes,1,Graduate,No,3719.0,1585.0,114.0,360.0,1.0,Urban,1.0,Has Credit History,5304.0,114000.0,21.493212669683256,40,18,10,17,89.5,High
LP002399,Male,No,0,Graduate,No,2858.0,0.0,123.0,360.0,0.0,Rural,0.0,No Credit History,2858.0,123000.0,43.037088873338,8,3,10,17,40.0,Low
LP002400,Female,Yes,0,Graduate,No,3833.0,0.0,92.0,360.0,1.0,Rural,0.0,Has Credit History,3833.0,92000.0,24.002087138012,40,18,10,20,92.6,High
LP002402,Male,Yes,0,Graduate,No,3333.0,4288.0,160.0,360.0,1.0,Urban,0.0,Has Credit History,7621.0,160000.0,20.994620128592047,40,18,10,20,92.6,High
LP002412,Male,Yes,0,Graduate,No,3007.0,3725.0,151.0,360.0,1.0,Rural,0.0,Has Credit History,6732.0,151000.0,22.43018419489008,40,18,10,20,92.6,High
LP002415,Female,No,1,Graduate,No,1850.0,4583.0,81.0,360.0,,Rural,1.0,Unknown/Not on File,6433.0,81000.0,12.591325975439142,20,25,10,14,72.6,High
LP002417,Male,Yes,3+,Not Graduate,No,2792.0,2619.0,171.0,360.0,1.0,Semiurban,3.0,Has Credit History,5411.0,171000.0,31.60229162816485,40,10,10,14,77.9,High
LP002420,Male,Yes,0,Graduate,No,2982.0,1550.0,110.0,360.0,1.0,Semiurban,0.0,Has Credit History,4532.0,110000.0,24.271844660194176,40,18,10,20,92.6,High
LP002425,Male,No,0,Graduate,No,3417.0,738.0,100.0,360.0,,Rural,0.0,Unknown/Not on File,4155.0,100000.0,24.067388688327316,20,18,10,17,68.4,Medium
LP002433,Male,Yes,1,Graduate,No,18840.0,0.0,234.0,360.0,1.0,Rural,1.0,Has Credit History,18840.0,234000.0,12.420382165605096,40,25,10,17,96.8,High
LP002440,Male,Yes,2,Graduate,No,2995.0,1120.0,184.0,360.0,1.0,Rural,2.0,Has Credit History,4115.0,184000.0,44.71445929526124,40,3,10,17,73.7,High
LP002441,Male,No,0,Graduate,No,3579.0,3308.0,138.0,360.0,,Semiurban,0.0,Unknown/Not on File,6887.0,138000.0,20.03775228691738,20,18,10,17,68.4,Medium
LP002442,Female,Yes,1,Not Graduate,No,3835.0,1400.0,112.0,480.0,0.0,Urban,1.0,No Credit History,5235.0,112000.0,21.39446036294174,8,18,10,14,52.6,Medium
LP002445,Female,No,1,Not Graduate,No,3854.0,3575.0,117.0,360.0,1.0,Rural,1.0,Has Credit History,7429.0,117000.0,15.749091398573158,40,25,10,11,90.5,High
LP002450,Male,Yes,2,Graduate,No,5833.0,750.0,49.0,360.0,0.0,Rural,2.0,No Credit History,6583.0,49000.0,7.4434148564484275,8,25,10,17,63.2,Medium
LP002471,Male,No,0,Graduate,No,3508.0,0.0,99.0,360.0,1.0,Rural,0.0,Has Credit History,3508.0,99000.0,28.2212086659065,40,10,10,17,81.1,High
LP002476,Female,Yes,3+,Not Graduate,No,1635.0,2444.0,99.0,360.0,1.0,Urban,3.0,Has Credit History,4079.0,99000.0,24.270654572199067,40,18,10,14,86.3,High
LP002482,Female,No,0,Graduate,Yes,3333.0,3916.0,212.0,360.0,1.0,Rural,0.0,Has Credit History,7249.0,212000.0,29.245413160435923,40,10,6,17,76.8,High
LP002485,Male,No,1,Graduate,No,24797.0,0.0,240.0,360.0,1.0,Semiurban,1.0,Has Credit History,24797.0,240000.0,9.67859015203452,40,25,10,14,93.7,High
LP002495,Male,Yes,2,Graduate,No,5667.0,440.0,130.0,360.0,0.0,Semiurban,2.0,No Credit History,6107.0,130000.0,21.287047650237433,8,18,10,17,55.8,Medium
LP002496,Female,No,0,Graduate,No,3500.0,0.0,94.0,360.0,0.0,Semiurban,0.0,No Credit History,3500.0,94000.0,26.857142857142858,8,10,10,17,47.4,Low
LP002523,Male,Yes,3+,Graduate,No,2773.0,1497.0,108.0,360.0,1.0,Semiurban,3.0,Has Credit History,4270.0,108000.0,25.292740046838407,40,18,10,17,89.5,High
LP002542,Male,Yes,0,Graduate,No,6500.0,0.0,144.0,360.0,1.0,Urban,0.0,Has Credit History,6500.0,144000.0,22.153846153846153,40,18,10,20,92.6,High
LP002550,Female,No,0,Graduate,No,5769.0,0.0,110.0,180.0,1.0,Semiurban,0.0,Has Credit History,5769.0,110000.0,19.06742936384122,40,18,10,15,87.4,High
LP002551,Male,Yes,3+,Not Graduate,No,3634.0,910.0,176.0,360.0,0.0,Semiurban,3.0,No Credit History,4544.0,176000.0,38.732394366197184,8,3,10,14,36.8,Low
LP002553,Male,No,0,Graduate,No,29167.0,0.0,185.0,360.0,1.0,Semiurban,0.0,Has Credit History,29167.0,185000.0,6.3427846538896695,40,25,10,17,96.8,High
LP002554,Male,No,0,Graduate,No,2166.0,2057.0,122.0,360.0,1.0,Semiurban,0.0,Has Credit History,4223.0,122000.0,28.88941510774331,40,10,10,17,81.1,High
LP002561,Male,Yes,0,Graduate,No,5000.0,0.0,126.0,360.0,1.0,Rural,0.0,Has Credit History,5000.0,126000.0,25.2,40,18,10,20,92.6,High
LP002566,Female,No,0,Graduate,No,5530.0,0.0,135.0,360.0,,Urban,0.0,Unknown/Not on File,5530.0,135000.0,24.412296564195294,20,18,10,17,68.4,Medium
LP002568,Male,No,0,Not Graduate,No,9000.0,0.0,122.0,360.0,1.0,Rural,0.0,Has Credit History,9000.0,122000.0,13.555555555555555,40,25,10,14,93.7,High
LP002570,Female,Yes,2,Graduate,No,10000.0,11666.0,460.0,360.0,1.0,Urban,2.0,Has Credit History,21666.0,460000.0,21.231422505307854,40,18,10,17,89.5,High
LP002572,Male,Yes,1,Graduate,No,8750.0,0.0,297.0,360.0,1.0,Urban,1.0,Has Credit History,8750.0,297000.0,33.94285714285714,40,10,10,17,81.1,High
LP002581,Male,Yes,0,Not Graduate,No,2157.0,2730.0,140.0,360.0,,Rural,0.0,Unknown/Not on File,4887.0,140000.0,28.64743196234909,20,10,10,17,60.0,Medium
LP002584,Male,No,0,Graduate,No,1972.0,4347.0,106.0,360.0,1.0,Rural,0.0,Has Credit History,6319.0,106000.0,16.77480614021206,40,25,10,17,96.8,High
LP002592,Male,No,0,Graduate,No,4983.0,0.0,141.0,360.0,1.0,Urban,0.0,Has Credit History,4983.0,141000.0,28.296207104154124,40,10,10,17,81.1,High
LP002593,Male,Yes,1,Graduate,No,8333.0,4000.0,126.0,360.0,1.0,Urban,1.0,Has Credit History,12333.0,126000.0,10.216492337630749,40,25,10,17,96.8,High
LP002599,Male,Yes,0,Graduate,No,3667.0,2000.0,170.0,360.0,1.0,Semiurban,0.0,Has Credit History,5667.0,170000.0,29.99823539791777,40,10,10,20,84.2,High
LP002604,Male,Yes,2,Graduate,No,3166.0,2833.0,145.0,360.0,1.0,Urban,2.0,Has Credit History,5999.0,145000.0,24.17069511585264,40,18,10,17,89.5,High
LP002605,Male,No,0,Not Graduate,No,3271.0,0.0,90.0,360.0,1.0,Rural,0.0,Has Credit History,3271.0,90000.0,27.514521553041885,40,10,10,14,77.9,High
LP002609,Female,Yes,0,Graduate,No,2241.0,2000.0,88.0,360.0,0.0,Urban,0.0,No Credit History,4241.0,88000.0,20.749823154916292,8,18,10,20,58.9,Medium
LP002610,Male,Yes,1,Not Graduate,No,1792.0,2565.0,128.0,360.0,1.0,Urban,1.0,Has Credit History,4357.0,128000.0,29.37801239384898,40,10,10,14,77.9,High
LP002612,Female,Yes,0,Graduate,No,2666.0,0.0,84.0,480.0,1.0,Semiurban,0.0,Has Credit History,2666.0,84000.0,31.50787696924231,40,10,10,20,84.2,High
LP002614,Male,No,0,Graduate,No,6478.0,0.0,108.0,360.0,1.0,Semiurban,0.0,Has Credit History,6478.0,108000.0,16.67181228774313,40,25,10,17,96.8,High
LP002630,Male,No,0,Not Graduate,No,3808.0,0.0,83.0,360.0,1.0,Rural,0.0,Has Credit History,3808.0,83000.0,21.79621848739496,40,18,10,14,86.3,High
LP002635,Female,Yes,2,Not Graduate,No,3729.0,0.0,117.0,360.0,1.0,Semiurban,2.0,Has Credit History,3729.0,117000.0,31.375703942075624,40,10,10,14,77.9,High
LP002639,Male,Yes,2,Graduate,No,4120.0,0.0,128.0,360.0,1.0,Rural,2.0,Has Credit History,4120.0,128000.0,31.067961165048544,40,10,10,17,81.1,High
LP002644,Male,Yes,1,Graduate,Yes,7500.0,0.0,75.0,360.0,1.0,Urban,1.0,Has Credit History,7500.0,75000.0,10.0,40,25,6,17,92.6,High
LP002651,Male,Yes,1,Graduate,No,6300.0,0.0,125.0,360.0,0.0,Urban,1.0,No Credit History,6300.0,125000.0,19.84126984126984,8,18,10,17,55.8,Medium
LP002654,Female,No,0,Graduate,Yes,14987.0,0.0,177.0,360.0,1.0,Rural,0.0,Has Credit History,14987.0,177000.0,11.810235537465804,40,25,6,17,92.6,High
LP002657,Male,Yes,1,Not Graduate,Yes,570.0,2125.0,68.0,360.0,1.0,Rural,1.0,Has Credit History,2695.0,68000.0,25.23191094619666,40,18,6,14,82.1,High
LP002711,Male,Yes,0,Graduate,No,2600.0,700.0,96.0,360.0,1.0,Semiurban,0.0,Has Credit History,3300.0,96000.0,29.09090909090909,40,10,10,20,84.2,High
LP002712,Male,No,2,Not Graduate,No,2733.0,1083.0,180.0,360.0,,Semiurban,2.0,Unknown/Not on File,3816.0,180000.0,47.16981132075472,20,3,10,11,46.3,Low
LP002721,Male,Yes,2,Graduate,Yes,7500.0,0.0,183.0,360.0,1.0,Rural,2.0,Has Credit History,7500.0,183000.0,24.4,40,18,6,17,85.3,High
LP002735,Male,Yes,2,Not Graduate,No,3859.0,0.0,121.0,360.0,1.0,Rural,2.0,Has Credit History,3859.0,121000.0,31.355273386887795,40,10,10,14,77.9,High
LP002744,Male,Yes,1,Graduate,No,6825.0,0.0,162.0,360.0,1.0,Rural,1.0,Has Credit History,6825.0,162000.0,23.736263736263737,40,18,10,17,89.5,High
LP002745,Male,Yes,0,Graduate,No,3708.0,4700.0,132.0,360.0,1.0,Semiurban,0.0,Has Credit History,8408.0,132000.0,15.699333967649856,40,25,10,20,100.0,High
LP002746,Male,No,0,Graduate,No,5314.0,0.0,147.0,360.0,1.0,Urban,0.0,Has Credit History,5314.0,147000.0,27.66277756868649,40,10,10,17,81.1,High
LP002747,Female,No,3+,Graduate,No,2366.0,5272.0,153.0,360.0,0.0,Rural,3.0,No Credit History,7638.0,153000.0,20.031421838177533,8,18,10,14,52.6,Medium
LP002754,Male,No,0,Graduate,No,2066.0,2108.0,104.0,84.0,1.0,Urban,0.0,Has Credit History,4174.0,104000.0,24.916147580258745,40,18,10,15,87.4,High
LP002759,Male,Yes,2,Graduate,No,5000.0,0.0,149.0,360.0,1.0,Rural,2.0,Has Credit History,5000.0,149000.0,29.8,40,10,10,17,81.1,High
LP002760,Female,No,0,Graduate,No,3767.0,0.0,134.0,300.0,1.0,Urban,0.0,Has Credit History,3767.0,134000.0,35.5720732678524,40,3,10,15,71.6,High
LP002766,Female,Yes,0,Graduate,No,7859.0,879.0,165.0,180.0,1.0,Semiurban,0.0,Has Credit History,8738.0,165000.0,18.883039597161822,40,18,10,18,90.5,High
LP002769,Female,Yes,0,Graduate,No,4283.0,0.0,120.0,360.0,1.0,Rural,0.0,Has Credit History,4283.0,120000.0,28.017744571561987,40,10,10,20,84.2,High
LP002774,Male,Yes,0,Not Graduate,No,1700.0,2900.0,67.0,360.0,0.0,Urban,0.0,No Credit History,4600.0,67000.0,14.565217391304348,8,25,10,17,63.2,Medium
LP002775,Male,No,0,Not Graduate,No,4768.0,0.0,125.0,360.0,1.0,Rural,0.0,Has Credit History,4768.0,125000.0,26.216442953020135,40,10,10,14,77.9,High
LP002781,Male,No,0,Graduate,No,3083.0,2738.0,120.0,360.0,1.0,Urban,0.0,Has Credit History,5821.0,120000.0,20.61501460230201,40,18,10,17,89.5,High
LP002782,Male,Yes,1,Graduate,No,2667.0,1542.0,148.0,360.0,1.0,Rural,1.0,Has Credit History,4209.0,148000.0,35.16274649560466,40,3,10,17,73.7,High
LP002786,Female,Yes,0,Not Graduate,No,1647.0,1762.0,181.0,360.0,1.0,Urban,0.0,Has Credit History,3409.0,181000.0,53.09474919331182,40,3,10,17,73.7,High
LP002790,Male,Yes,3+,Graduate,No,3400.0,0.0,80.0,120.0,1.0,Urban,3.0,Has Credit History,3400.0,80000.0,23.529411764705884,40,18,10,15,87.4,High
LP002791,Male,No,1,Graduate,No,16000.0,5000.0,40.0,360.0,1.0,Semiurban,1.0,Has Credit History,21000.0,40000.0,1.9047619047619049,40,25,10,14,93.7,High
LP002793,Male,Yes,0,Graduate,No,5333.0,0.0,90.0,360.0,1.0,Rural,0.0,Has Credit History,5333.0,90000.0,16.87605475342209,40,25,10,20,100.0,High
LP002802,Male,No,0,Graduate,No,2875.0,2416.0,95.0,6.0,0.0,Semiurban,0.0,No Credit History,5291.0,95000.0,17.955017955017954,8,25,10,15,61.1,Medium
LP002803,Male,Yes,1,Not Graduate,No,2600.0,618.0,122.0,360.0,1.0,Semiurban,1.0,Has Credit History,3218.0,122000.0,37.91174642635177,40,3,10,14,70.5,High
LP002805,Male,Yes,2,Graduate,No,5041.0,700.0,150.0,360.0,1.0,Urban,2.0,Has Credit History,5741.0,150000.0,26.12785229054172,40,10,10,17,81.1,High
LP002806,Male,Yes,3+,Graduate,Yes,6958.0,1411.0,150.0,360.0,1.0,Rural,3.0,Has Credit History,8369.0,150000.0,17.92328832596487,40,25,6,17,92.6,High
LP002816,Male,Yes,1,Graduate,No,3500.0,1658.0,104.0,360.0,,Semiurban,1.0,Unknown/Not on File,5158.0,104000.0,20.16285381930981,20,18,10,17,68.4,Medium
LP002823,Male,Yes,0,Graduate,No,5509.0,0.0,143.0,360.0,1.0,Rural,0.0,Has Credit History,5509.0,143000.0,25.957524051552006,40,18,10,20,92.6,High
LP002825,Male,Yes,3+,Graduate,No,9699.0,0.0,300.0,360.0,1.0,Urban,3.0,Has Credit History,9699.0,300000.0,30.931023816888334,40,10,10,17,81.1,High
LP002826,Female,Yes,1,Not Graduate,No,3621.0,2717.0,171.0,360.0,1.0,Urban,1.0,Has Credit History,6338.0,171000.0,26.980119911644053,40,10,10,14,77.9,High
LP002843,Female,Yes,0,Graduate,No,4709.0,0.0,113.0,360.0,1.0,Semiurban,0.0,Has Credit History,4709.0,113000.0,23.996602251008703,40,18,10,20,92.6,High
LP002849,Male,Yes,0,Graduate,No,1516.0,1951.0,35.0,360.0,1.0,Semiurban,0.0,Has Credit History,3467.0,35000.0,10.09518315546582,40,25,10,20,100.0,High
LP002850,Male,No,2,Graduate,No,2400.0,0.0,46.0,360.0,1.0,Urban,2.0,Has Credit History,2400.0,46000.0,19.166666666666668,40,18,10,14,86.3,High
LP002853,Female,No,0,Not Graduate,No,3015.0,2000.0,145.0,360.0,,Urban,0.0,Unknown/Not on File,5015.0,145000.0,28.913260219341975,20,10,10,14,56.8,Medium
LP002856,Male,Yes,0,Graduate,No,2292.0,1558.0,119.0,360.0,1.0,Urban,0.0,Has Credit History,3850.0,119000.0,30.90909090909091,40,10,10,20,84.2,High
LP002857,Male,Yes,1,Graduate,Yes,2360.0,3355.0,87.0,240.0,1.0,Rural,1.0,Has Credit History,5715.0,87000.0,15.223097112860891,40,25,6,15,90.5,High
LP002858,Female,No,0,Graduate,No,4333.0,2333.0,162.0,360.0,0.0,Rural,0.0,No Credit History,6666.0,162000.0,24.302430243024304,8,18,10,17,55.8,Medium
LP002860,Male,Yes,0,Graduate,Yes,2623.0,4831.0,122.0,180.0,1.0,Semiurban,0.0,Has Credit History,7454.0,122000.0,16.367051247652267,40,25,6,18,93.7,High
LP002867,Male,No,0,Graduate,Yes,3972.0,4275.0,187.0,360.0,1.0,Rural,0.0,Has Credit History,8247.0,187000.0,22.674912089244575,40,18,6,17,85.3,High
LP002869,Male,Yes,3+,Not Graduate,No,3522.0,0.0,81.0,180.0,1.0,Rural,3.0,Has Credit History,3522.0,81000.0,22.998296422487225,40,18,10,12,84.2,High
LP002870,Male,Yes,1,Graduate,No,4700.0,0.0,80.0,360.0,1.0,Urban,1.0,Has Credit History,4700.0,80000.0,17.02127659574468,40,25,10,17,96.8,High
LP002876,Male,No,0,Graduate,No,6858.0,0.0,176.0,360.0,1.0,Rural,0.0,Has Credit History,6858.0,176000.0,25.663458734324877,40,18,10,17,89.5,High
LP002878,Male,Yes,3+,Graduate,No,8334.0,0.0,260.0,360.0,1.0,Urban,3.0,Has Credit History,8334.0,260000.0,31.197504199664028,40,10,10,17,81.1,High
LP002879,Male,Yes,0,Graduate,No,3391.0,1966.0,133.0,360.0,0.0,Rural,0.0,No Credit History,5357.0,133000.0,24.8273287287661,8,18,10,20,58.9,Medium
LP002885,Male,No,0,Not Graduate,No,2868.0,0.0,70.0,360.0,1.0,Urban,0.0,Has Credit History,2868.0,70000.0,24.407252440725244,40,18,10,14,86.3,High
LP002890,Male,Yes,2,Not Graduate,No,3418.0,1380.0,135.0,360.0,1.0,Urban,2.0,Has Credit History,4798.0,135000.0,28.136723634847858,40,10,10,14,77.9,High
LP002891,Male,Yes,0,Graduate,Yes,2500.0,296.0,137.0,300.0,1.0,Rural,0.0,Has Credit History,2796.0,137000.0,48.99856938483548,40,3,6,18,70.5,High
LP002899,Male,Yes,2,Graduate,No,8667.0,0.0,254.0,360.0,1.0,Rural,2.0,Has Credit History,8667.0,254000.0,29.306565132110304,40,10,10,17,81.1,High
LP002901,Male,No,0,Graduate,No,2283.0,15000.0,106.0,360.0,,Rural,0.0,Unknown/Not on File,17283.0,106000.0,6.133194468552913,20,25,10,17,75.8,High
LP002907,Male,Yes,0,Graduate,No,5817.0,910.0,109.0,360.0,1.0,Urban,0.0,Has Credit History,6727.0,109000.0,16.203359595659283,40,25,10,20,100.0,High
LP002920,Male,Yes,0,Graduate,No,5119.0,3769.0,120.0,360.0,1.0,Rural,0.0,Has Credit History,8888.0,120000.0,13.5013501350135,40,25,10,20,100.0,High
LP002921,Male,Yes,3+,Not Graduate,No,5316.0,187.0,158.0,180.0,0.0,Semiurban,3.0,No Credit History,5503.0,158000.0,28.711611848082864,8,10,10,12,42.1,Low
LP002932,Male,Yes,3+,Graduate,No,7603.0,1213.0,197.0,360.0,1.0,Urban,3.0,Has Credit History,8816.0,197000.0,22.34573502722323,40,18,10,17,89.5,High
LP002935,Male,Yes,1,Graduate,No,3791.0,1936.0,85.0,360.0,1.0,Urban,1.0,Has Credit History,5727.0,85000.0,14.841976602060416,40,25,10,17,96.8,High
LP002952,Male,No,0,Graduate,No,2500.0,0.0,60.0,360.0,1.0,Urban,0.0,Has Credit History,2500.0,60000.0,24.0,40,18,10,17,89.5,High
LP002954,Male,Yes,2,Not Graduate,No,3132.0,0.0,76.0,360.0,,Rural,2.0,Unknown/Not on File,3132.0,76000.0,24.26564495530013,20,18,10,14,65.3,Medium
LP002962,Male,No,0,Graduate,No,4000.0,2667.0,152.0,360.0,1.0,Semiurban,0.0,Has Credit History,6667.0,152000.0,22.79886005699715,40,18,10,17,89.5,High
LP002965,Female,Yes,0,Graduate,No,8550.0,4255.0,96.0,360.0,,Urban,0.0,Unknown/Not on File,12805.0,96000.0,7.49707145646232,20,25,10,20,78.9,High
LP002969,Male,Yes,1,Graduate,No,2269.0,2167.0,99.0,360.0,1.0,Semiurban,1.0,Has Credit History,4436.0,99000.0,22.31740306582507,40,18,10,17,89.5,High
LP002971,Male,Yes,3+,Not Graduate,Yes,4009.0,1777.0,113.0,360.0,1.0,Urban,3.0,Has Credit History,5786.0,113000.0,19.52989975803664,40,18,6,14,82.1,High
LP002975,Male,Yes,0,Graduate,No,4158.0,709.0,115.0,360.0,1.0,Urban,0.0,Has Credit History,4867.0,115000.0,23.628518594616807,40,18,10,20,92.6,High
LP002980,Male,No,0,Graduate,No,3250.0,1993.0,126.0,360.0,,Semiurban,0.0,Unknown/Not on File,5243.0,126000.0,24.03204272363151,20,18,10,17,68.4,Medium
LP002986,Male,Yes,0,Graduate,No,5000.0,2393.0,158.0,360.0,1.0,Rural,0.0,Has Credit History,7393.0,158000.0,21.371567699174896,40,18,10,20,92.6,High
LP002989,Male,No,0,Graduate,Yes,9200.0,0.0,98.0,180.0,1.0,Rural,0.0,Has Credit History,9200.0,98000.0,10.652173913043478,40,25,6,15,90.5,High
LP001002,Male,No,0,Graduate,No,5849.0,0.0,126.0,360.0,1.0,Urban,0.0,Has Credit History,5849.0,126000.0,21.542143956231836,40,18,10,17,89.5,High
LP001003,Male,Yes,1,Graduate,No,4583.0,1508.0,128.0,360.0,1.0,Rural,1.0,Has Credit History,6091.0,128000.0,21.0146117222131,40,18,10,17,89.5,High
LP001005,Male,Yes,0,Graduate,Yes,3000.0,0.0,66.0,360.0,1.0,Urban,0.0,Has Credit History,3000.0,66000.0,22.0,40,18,6,20,88.4,High
LP001006,Male,Yes,0,Not Graduate,No,2583.0,2358.0,120.0,360.0,1.0,Urban,0.0,Has Credit History,4941.0,120000.0,24.286581663630844,40,18,10,17,89.5,High
LP001008,Male,No,0,Graduate,No,6000.0,0.0,141.0,360.0,1.0,Urban,0.0,Has Credit History,6000.0,141000.0,23.5,40,18,10,17,89.5,High
LP001011,Male,Yes,2,Graduate,Yes,5417.0,4196.0,267.0,360.0,1.0,Urban,2.0,Has Credit History,9613.0,267000.0,27.77488817226672,40,10,6,17,76.8,High
LP001013,Male,Yes,0,Not Graduate,No,2333.0,1516.0,95.0,360.0,1.0,Urban,0.0,Has Credit History,3849.0,95000.0,24.68173551571837,40,18,10,17,89.5,High
LP001014,Male,Yes,3+,Graduate,No,3036.0,2504.0,158.0,360.0,0.0,Semiurban,3.0,No Credit History,5540.0,158000.0,28.51985559566787,8,10,10,17,47.4,Low
LP001018,Male,Yes,2,Graduate,No,4006.0,1526.0,168.0,360.0,1.0,Urban,2.0,Has Credit History,5532.0,168000.0,30.36876355748373,40,10,10,17,81.1,High
LP001020,Male,Yes,1,Graduate,No,12841.0,10968.0,349.0,360.0,1.0,Semiurban,1.0,Has Credit History,23809.0,349000.0,14.658322483094627,40,25,10,17,96.8,High
LP001024,Male,Yes,2,Graduate,No,3200.0,700.0,70.0,360.0,1.0,Urban,2.0,Has Credit History,3900.0,70000.0,17.94871794871795,40,25,10,17,96.8,High
LP001027,Male,Yes,2,Graduate,No,2500.0,1840.0,109.0,360.0,1.0,Urban,2.0,Has Credit History,4340.0,109000.0,25.11520737327189,40,18,10,17,89.5,High
LP001028,Male,Yes,2,Graduate,No,3073.0,8106.0,200.0,360.0,1.0,Urban,2.0,Has Credit History,11179.0,200000.0,17.890687896949636,40,25,10,17,96.8,High
LP001029,Male,No,0,Graduate,No,1853.0,2840.0,114.0,360.0,1.0,Rural,0.0,Has Credit History,4693.0,114000.0,24.291497975708506,40,18,10,17,89.5,High
LP001030,Male,Yes,2,Graduate,No,1299.0,1086.0,17.0,120.0,1.0,Urban,2.0,Has Credit History,2385.0,17000.0,7.127882599580713,40,25,10,15,94.7,High
LP001032,Male,No,0,Graduate,No,4950.0,0.0,125.0,360.0,1.0,Urban,0.0,Has Credit History,4950.0,125000.0,25.252525252525253,40,18,10,17,89.5,High
LP001034,Male,No,1,Not Graduate,No,3596.0,0.0,100.0,240.0,,Urban,1.0,Unknown/Not on File,3596.0,100000.0,27.808676307007783,20,10,10,9,51.6,Medium
LP001036,Female,No,0,Graduate,No,3510.0,0.0,76.0,360.0,0.0,Urban,0.0,No Credit History,3510.0,76000.0,21.65242165242165,8,18,10,17,55.8,Medium
LP001038,Male,Yes,0,Not Graduate,No,4887.0,0.0,133.0,360.0,1.0,Rural,0.0,Has Credit History,4887.0,133000.0,27.215060364231636,40,10,10,17,81.1,High
LP001041,Male,Yes,0,Graduate,No,2600.0,3500.0,115.0,360.0,1.0,Urban,0.0,Has Credit History,6100.0,115000.0,18.852459016393443,40,18,10,20,92.6,High
LP001043,Male,Yes,0,Not Graduate,No,7660.0,0.0,104.0,360.0,0.0,Urban,0.0,No Credit History,7660.0,104000.0,13.577023498694516,8,25,10,17,63.2,Medium
LP001046,Male,Yes,1,Graduate,No,5955.0,5625.0,315.0,360.0,1.0,Urban,1.0,Has Credit History,11580.0,315000.0,27.202072538860104,40,10,10,17,81.1,High
LP001047,Male,Yes,0,Not Graduate,No,2600.0,1911.0,116.0,360.0,0.0,Semiurban,0.0,No Credit History,4511.0,116000.0,25.71491908667701,8,18,10,17,55.8,Medium
LP001050,Male,Yes,2,Not Graduate,No,3365.0,1917.0,112.0,360.0,0.0,Rural,2.0,No Credit History,5282.0,112000.0,21.204089360090876,8,18,10,14,52.6,Medium
LP001052,Male,Yes,1,Graduate,No,3717.0,2925.0,151.0,360.0,,Semiurban,1.0,Unknown/Not on File,6642.0,151000.0,22.73411623005119,20,18,10,17,68.4,Medium
LP001066,Male,Yes,0,Graduate,Yes,9560.0,0.0,191.0,360.0,1.0,Semiurban,0.0,Has Credit History,9560.0,191000.0,19.97907949790795,40,18,6,20,88.4,High
LP001068,Male,Yes,0,Graduate,No,2799.0,2253.0,122.0,360.0,1.0,Semiurban,0.0,Has Credit History,5052.0,122000.0,24.14885193982581,40,18,10,20,92.6,High
LP001073,Male,Yes,2,Not Graduate,No,4226.0,1040.0,110.0,360.0,1.0,Urban,2.0,Has Credit History,5266.0,110000.0,20.888720091150777,40,18,10,14,86.3,High
LP001086,Male,No,0,Not Graduate,No,1442.0,0.0,35.0,360.0,1.0,Urban,0.0,Has Credit History,1442.0,35000.0,24.271844660194176,40,18,10,14,86.3,High
LP001087,Female,No,2,Graduate,No,3750.0,2083.0,120.0,360.0,1.0,Semiurban,2.0,Has Credit History,5833.0,120000.0,20.5726041488085,40,18,10,14,86.3,High
LP001091,Male,Yes,1,Graduate,No,4166.0,3369.0,201.0,360.0,,Urban,1.0,Unknown/Not on File,7535.0,201000.0,26.675514266755144,20,10,10,17,60.0,Medium
LP001095,Male,No,0,Graduate,No,3167.0,0.0,74.0,360.0,1.0,Urban,0.0,Has Credit History,3167.0,74000.0,23.365961477739184,40,18,10,17,89.5,High
LP001097,Male,No,1,Graduate,Yes,4692.0,0.0,106.0,360.0,1.0,Rural,1.0,Has Credit History,4692.0,106000.0,22.59164535379369,40,18,6,14,82.1,High
LP001098,Male,Yes,0,Graduate,No,3500.0,1667.0,114.0,360.0,1.0,Semiurban,0.0,Has Credit History,5167.0,114000.0,22.063092703696537,40,18,10,20,92.6,High
LP001100,Male,No,3+,Graduate,No,12500.0,3000.0,320.0,360.0,1.0,Rural,3.0,Has Credit History,15500.0,320000.0,20.64516129032258,40,18,10,14,86.3,High
LP001106,Male,Yes,0,Graduate,No,2275.0,2067.0,126.0,360.0,1.0,Urban,0.0,Has Credit History,4342.0,126000.0,29.018885306310455,40,10,10,20,84.2,High
LP001109,Male,Yes,0,Graduate,No,1828.0,1330.0,100.0,360.0,0.0,Urban,0.0,No Credit History,3158.0,100000.0,31.665611146295124,8,10,10,20,50.5,Medium
LP001112,Female,Yes,0,Graduate,No,3667.0,1459.0,144.0,360.0,1.0,Semiurban,0.0,Has Credit History,5126.0,144000.0,28.092079594225517,40,10,10,20,84.2,High
LP001114,Male,No,0,Graduate,No,4166.0,7210.0,184.0,360.0,1.0,Urban,0.0,Has Credit History,11376.0,184000.0,16.17440225035162,40,25,10,17,96.8,High
LP001116,Male,No,0,Not Graduate,No,3748.0,1668.0,110.0,360.0,1.0,Semiurban,0.0,Has Credit History,5416.0,110000.0,20.31019202363368,40,18,10,14,86.3,High
LP001119,Male,No,0,Graduate,No,3600.0,0.0,80.0,360.0,1.0,Urban,0.0,Has Credit History,3600.0,80000.0,22.22222222222222,40,18,10,17,89.5,High
LP001120,Male,No,0,Graduate,No,1800.0,1213.0,47.0,360.0,1.0,Urban,0.0,Has Credit History,3013.0,47000.0,15.599070693660805,40,25,10,17,96.8,High
LP001123,Male,Yes,0,Graduate,No,2400.0,0.0,75.0,360.0,,Urban,0.0,Unknown/Not on File,2400.0,75000.0,31.25,20,10,10,20,63.2,Medium
LP001131,Male,Yes,0,Graduate,No,3941.0,2336.0,134.0,360.0,1.0,Semiurban,0.0,Has Credit History,6277.0,134000.0,21.347777600764697,40,18,10,20,92.6,High
LP001136,Male,Yes,0,Not Graduate,Yes,4695.0,0.0,96.0,360.0,1.0,Urban,0.0,Has Credit History,4695.0,96000.0,20.44728434504792,40,18,6,17,85.3,High
LP001137,Female,No,0,Graduate,No,3410.0,0.0,88.0,360.0,1.0,Urban,0.0,Has Credit History,3410.0,88000.0,25.806451612903224,40,18,10,17,89.5,High
LP001138,Male,Yes,1,Graduate,No,5649.0,0.0,44.0,360.0,1.0,Urban,1.0,Has Credit History,5649.0,44000.0,7.788989201628607,40,25,10,17,96.8,High
LP001144,Male,Yes,0,Graduate,No,5821.0,0.0,144.0,360.0,1.0,Urban,0.0,Has Credit History,5821.0,144000.0,24.738017522762412,40,18,10,20,92.6,High
LP001146,Female,Yes,0,Graduate,No,2645.0,3440.0,120.0,360.0,0.0,Urban,0.0,No Credit History,6085.0,120000.0,19.72062448644207,8,18,10,20,58.9,Medium
LP001151,Female,No,0,Graduate,No,4000.0,2275.0,144.0,360.0,1.0,Semiurban,0.0,Has Credit History,6275.0,144000.0,22.948207171314746,40,18,10,17,89.5,High
LP001155,Female,Yes,0,Not Graduate,No,1928.0,1644.0,100.0,360.0,1.0,Semiurban,0.0,Has Credit History,3572.0,100000.0,27.99552071668533,40,10,10,17,81.1,High
LP001157,Female,No,0,Graduate,No,3086.0,0.0,120.0,360.0,1.0,Semiurban,0.0,Has Credit History,3086.0,120000.0,38.8852883992223,40,3,10,17,73.7,High
LP001164,Female,No,0,Graduate,No,4230.0,0.0,112.0,360.0,1.0,Semiurban,0.0,Has Credit History,4230.0,112000.0,26.47754137115839,40,10,10,17,81.1,High
LP001179,Male,Yes,2,Graduate,No,4616.0,0.0,134.0,360.0,1.0,Urban,2.0,Has Credit History,4616.0,134000.0,29.02946273830156,40,10,10,17,81.1,High
LP001186,Female,Yes,1,Graduate,Yes,11500.0,0.0,286.0,360.0,0.0,Urban,1.0,No Credit History,11500.0,286000.0,24.869565217391305,8,18,6,17,51.6,Medium
LP001194,Male,Yes,2,Graduate,No,2708.0,1167.0,97.0,360.0,1.0,Semiurban,2.0,Has Credit History,3875.0,97000.0,25.032258064516128,40,18,10,17,89.5,High
LP001195,Male,Yes,0,Graduate,No,2132.0,1591.0,96.0,360.0,1.0,Semiurban,0.0,Has Credit History,3723.0,96000.0,25.785656728444803,40,18,10,20,92.6,High
LP001197,Male,Yes,0,Graduate,No,3366.0,2200.0,135.0,360.0,1.0,Rural,0.0,Has Credit History,5566.0,135000.0,24.254401724757457,40,18,10,20,92.6,High
LP001198,Male,Yes,1,Graduate,No,8080.0,2250.0,180.0,360.0,1.0,Urban,1.0,Has Credit History,10330.0,180000.0,17.424975798644724,40,25,10,17,96.8,High
LP001199,Male,Yes,2,Not Graduate,No,3357.0,2859.0,144.0,360.0,1.0,Urban,2.0,Has Credit History,6216.0,144000.0,23.16602316602317,40,18,10,14,86.3,High
LP001205,Male,Yes,0,Graduate,No,2500.0,3796.0,120.0,360.0,1.0,Urban,0.0,Has Credit History,6296.0,120000.0,19.05972045743329,40,18,10,20,92.6,High
LP001206,Male,Yes,3+,Graduate,No,3029.0,0.0,99.0,360.0,1.0,Urban,3.0,Has Credit History,3029.0,99000.0,32.684054143281614,40,10,10,17,81.1,High
LP001207,Male,Yes,0,Not Graduate,Yes,2609.0,3449.0,165.0,180.0,0.0,Rural,0.0,No Credit History,6058.0,165000.0,27.23671178606801,8,10,6,15,41.1,Low
LP001213,Male,Yes,1,Graduate,No,4945.0,0.0,126.0,360.0,0.0,Rural,1.0,No Credit History,4945.0,126000.0,25.480283114256824,8,18,10,17,55.8,Medium
LP001222,Female,No,0,Graduate,No,4166.0,0.0,116.0,360.0,0.0,Semiurban,0.0,No Credit History,4166.0,116000.0,27.84445511281805,8,10,10,17,47.4,Low
LP001225,Male,Yes,0,Graduate,No,5726.0,4595.0,258.0,360.0,1.0,Semiurban,0.0,Has Credit History,10321.0,258000.0,24.99757775409359,40,18,10,20,92.6,High
LP001228,Male,No,0,Not Graduate,No,3200.0,2254.0,126.0,180.0,0.0,Urban,0.0,No Credit History,5454.0,126000.0,23.102310231023104,8,18,10,12,50.5,Medium
LP001233,Male,Yes,1,Graduate,No,10750.0,0.0,312.0,360.0,1.0,Urban,1.0,Has Credit History,10750.0,312000.0,29.023255813953487,40,10,10,17,81.1,High
LP001238,Male,Yes,3+,Not Graduate,Yes,7100.0,0.0,125.0,60.0,1.0,Urban,3.0,Has Credit History,7100.0,125000.0,17.6056338028169,40,25,6,12,87.4,High
LP001241,Female,No,0,Graduate,No,4300.0,0.0,136.0,360.0,0.0,Semiurban,0.0,No Credit History,4300.0,136000.0,31.627906976744185,8,10,10,17,47.4,Low
LP001243,Male,Yes,0,Graduate,No,3208.0,3066.0,172.0,360.0,1.0,Urban,0.0,Has Credit History,6274.0,172000.0,27.41472744660504,40,10,10,20,84.2,High
LP001245,Male,Yes,2,Not Graduate,Yes,1875.0,1875.0,97.0,360.0,1.0,Semiurban,2.0,Has Credit History,3750.0,97000.0,25.866666666666667,40,18,6,14,82.1,High
LP001248,Male,No,0,Graduate,No,3500.0,0.0,81.0,300.0,1.0,Semiurban,0.0,Has Credit History,3500.0,81000.0,23.142857142857142,40,18,10,15,87.4,High
LP001250,Male,Yes,3+,Not Graduate,No,4755.0,0.0,95.0,360.0,0.0,Semiurban,3.0,No Credit History,4755.0,95000.0,19.978969505783382,8,18,10,14,52.6,Medium
LP001253,Male,Yes,3+,Graduate,Yes,5266.0,1774.0,187.0,360.0,1.0,Semiurban,3.0,Has Credit History,7040.0,187000.0,26.5625,40,10,6,17,76.8,High
LP001255,Male,No,0,Graduate,No,3750.0,0.0,113.0,480.0,1.0,Urban,0.0,Has Credit History,3750.0,113000.0,30.133333333333333,40,10,10,17,81.1,High
LP001256,Male,No,0,Graduate,No,3750.0,4750.0,176.0,360.0,1.0,Urban,0.0,Has Credit History,8500.0,176000.0,20.705882352941178,40,18,10,17,89.5,High
LP001259,Male,Yes,1,Graduate,Yes,1000.0,3022.0,110.0,360.0,1.0,Urban,1.0,Has Credit History,4022.0,110000.0,27.349577324714073,40,10,6,17,76.8,High
LP001263,Male,Yes,3+,Graduate,No,3167.0,4000.0,180.0,300.0,0.0,Semiurban,3.0,No Credit History,7167.0,180000.0,25.115110925073253,8,18,10,15,53.7,Medium
LP001264,Male,Yes,3+,Not Graduate,Yes,3333.0,2166.0,130.0,360.0,,Semiurban,3.0,Unknown/Not on File,5499.0,130000.0,23.64066193853428,20,18,6,14,61.1,Medium
LP001265,Female,No,0,Graduate,No,3846.0,0.0,111.0,360.0,1.0,Semiurban,0.0,Has Credit History,3846.0,111000.0,28.86115444617785,40,10,10,17,81.1,High
LP001266,Male,Yes,1,Graduate,Yes,2395.0,0.0,126.0,360.0,1.0,Semiurban,1.0,Has Credit History,2395.0,126000.0,52.609603340292274,40,3,6,17,69.5,Medium
LP001267,Female,Yes,2,Graduate,No,1378.0,1881.0,167.0,360.0,1.0,Urban,2.0,Has Credit History,3259.0,167000.0,51.2427124884934,40,3,10,17,73.7,High
LP001273,Male,Yes,0,Graduate,No,6000.0,2250.0,265.0,360.0,,Semiurban,0.0,Unknown/Not on File,8250.0,265000.0,32.121212121212125,20,10,10,20,63.2,Medium
LP001275,Male,Yes,1,Graduate,No,3988.0,0.0,50.0,240.0,1.0,Urban,1.0,Has Credit History,3988.0,50000.0,12.537612838515546,40,25,10,15,94.7,High
LP001279,Male,No,0,Graduate,No,2366.0,2531.0,136.0,360.0,1.0,Semiurban,0.0,Has Credit History,4897.0,136000.0,27.77210537063508,40,10,10,17,81.1,High
LP001280,Male,Yes,2,Not Graduate,No,3333.0,2000.0,99.0,360.0,,Semiurban,2.0,Unknown/Not on File,5333.0,99000.0,18.5636602287643,20,18,10,14,65.3,Medium
LP001282,Male,Yes,0,Graduate,No,2500.0,2118.0,104.0,360.0,1.0,Semiurban,0.0,Has Credit History,4618.0,104000.0,22.52057167605024,40,18,10,20,92.6,High
LP001289,Male,No,0,Graduate,No,8566.0,0.0,210.0,360.0,1.0,Urban,0.0,Has Credit History,8566.0,210000.0,24.515526500116746,40,18,10,17,89.5,High
LP001310,Male,Yes,0,Graduate,No,5695.0,4167.0,175.0,360.0,1.0,Semiurban,0.0,Has Credit History,9862.0,175000.0,17.744879334820524,40,25,10,20,100.0,High
LP001316,Male,Yes,0,Graduate,No,2958.0,2900.0,131.0,360.0,1.0,Semiurban,0.0,Has Credit History,5858.0,131000.0,22.362581085694774,40,18,10,20,92.6,High
LP001318,Male,Yes,2,Graduate,No,6250.0,5654.0,188.0,180.0,1.0,Semiurban,2.0,Has Credit History,11904.0,188000.0,15.793010752688172,40,25,10,15,94.7,High
LP001319,Male,Yes,2,Not Graduate,No,3273.0,1820.0,81.0,360.0,1.0,Urban,2.0,Has Credit History,5093.0,81000.0,15.904182210877677,40,25,10,14,93.7,High
LP001322,Male,No,0,Graduate,No,4133.0,0.0,122.0,360.0,1.0,Semiurban,0.0,Has Credit History,4133.0,122000.0,29.518509557222355,40,10,10,17,81.1,High
LP001325,Male,No,0,Not Graduate,No,3620.0,0.0,25.0,120.0,1.0,Semiurban,0.0,Has Credit History,3620.0,25000.0,6.906077348066298,40,25,10,12,91.6,High
LP001326,Male,No,0,Graduate,No,6782.0,0.0,126.0,360.0,,Urban,0.0,Unknown/Not on File,6782.0,126000.0,18.57859038631672,20,18,10,17,68.4,Medium
LP001327,Female,Yes,0,Graduate,No,2484.0,2302.0,137.0,360.0,1.0,Semiurban,0.0,Has Credit History,4786.0,137000.0,28.625156707062263,40,10,10,20,84.2,High
LP001333,Male,Yes,0,Graduate,No,1977.0,997.0,50.0,360.0,1.0,Semiurban,0.0,Has Credit History,2974.0,50000.0,16.812373907195695,40,25,10,20,100.0,High
LP001334,Male,Yes,0,Not Graduate,No,4188.0,0.0,115.0,180.0,1.0,Semiurban,0.0,Has Credit History,4188.0,115000.0,27.45940783190067,40,10,10,15,78.9,High
LP001343,Male,Yes,0,Graduate,No,1759.0,3541.0,131.0,360.0,1.0,Semiurban,0.0,Has Credit History,5300.0,131000.0,24.71698113207547,40,18,10,20,92.6,High
LP001345,Male,Yes,2,Not Graduate,No,4288.0,3263.0,133.0,180.0,1.0,Urban,2.0,Has Credit History,7551.0,133000.0,17.61356111773275,40,25,10,12,91.6,High
LP001349,Male,No,0,Graduate,No,4843.0,3806.0,151.0,360.0,1.0,Semiurban,0.0,Has Credit History,8649.0,151000.0,17.458665741704245,40,25,10,17,96.8,High
LP001350,Male,Yes,0,Graduate,No,13650.0,0.0,126.0,360.0,1.0,Urban,0.0,Has Credit History,13650.0,126000.0,9.23076923076923,40,25,10,20,100.0,High
LP001356,Male,Yes,0,Graduate,No,4652.0,3583.0,126.0,360.0,1.0,Semiurban,0.0,Has Credit History,8235.0,126000.0,15.300546448087433,40,25,10,20,100.0,High
LP001357,Male,Yes,0,Graduate,No,3816.0,754.0,160.0,360.0,1.0,Urban,0.0,Has Credit History,4570.0,160000.0,35.010940919037196,40,3,10,20,76.8,High
LP001367,Male,Yes,1,Graduate,No,3052.0,1030.0,100.0,360.0,1.0,Urban,1.0,Has Credit History,4082.0,100000.0,24.49779519843214,40,18,10,17,89.5,High
LP001369,Male,Yes,2,Graduate,No,11417.0,1126.0,225.0,360.0,1.0,Urban,2.0,Has Credit History,12543.0,225000.0,17.93829227457546,40,25,10,17,96.8,High
LP001370,Male,No,0,Not Graduate,No,7333.0,0.0,120.0,360.0,1.0,Rural,0.0,Has Credit History,7333.0,120000.0,16.36438019909996,40,25,10,14,93.7,High
LP001379,Male,Yes,2,Graduate,No,3800.0,3600.0,216.0,360.0,0.0,Urban,2.0,No Credit History,7400.0,216000.0,29.18918918918919,8,10,10,17,47.4,Low
LP001384,Male,Yes,3+,Not Graduate,No,2071.0,754.0,94.0,480.0,1.0,Semiurban,3.0,Has Credit History,2825.0,94000.0,33.27433628318584,40,10,10,14,77.9,High
LP001385,Male,No,0,Graduate,No,5316.0,0.0,136.0,360.0,1.0,Urban,0.0,Has Credit History,5316.0,136000.0,25.583145221971407,40,18,10,17,89.5,High
LP001387,Female,Yes,0,Graduate,No,2929.0,2333.0,139.0,360.0,1.0,Semiurban,0.0,Has Credit History,5262.0,139000.0,26.41581147852527,40,10,10,20,84.2,High
LP001391,Male,Yes,0,Not Graduate,No,3572.0,4114.0,152.0,360.0,0.0,Rural,0.0,No Credit History,7686.0,152000.0,19.776216497527972,8,18,10,17,55.8,Medium
LP001392,Female,No,1,Graduate,Yes,7451.0,0.0,126.0,360.0,1.0,Semiurban,1.0,Has Credit History,7451.0,126000.0,16.91048181452154,40,25,6,14,89.5,High
LP001398,Male,No,0,Graduate,No,5050.0,0.0,118.0,360.0,1.0,Semiurban,0.0,Has Credit History,5050.0,118000.0,23.36633663366337,40,18,10,17,89.5,High
LP001401,Male,Yes,1,Graduate,No,14583.0,0.0,185.0,180.0,1.0,Rural,1.0,Has Credit History,14583.0,185000.0,12.686004251525748,40,25,10,15,94.7,High
LP001404,Female,Yes,0,Graduate,No,3167.0,2283.0,154.0,360.0,1.0,Semiurban,0.0,Has Credit History,5450.0,154000.0,28.256880733944953,40,10,10,20,84.2,High
LP001405,Male,Yes,1,Graduate,No,2214.0,1398.0,85.0,360.0,,Urban,1.0,Unknown/Not on File,3612.0,85000.0,23.53266888150609,20,18,10,17,68.4,Medium
LP001421,Male,Yes,0,Graduate,No,5568.0,2142.0,175.0,360.0,1.0,Rural,0.0,Has Credit History,7710.0,175000.0,22.69779507133593,40,18,10,20,92.6,High
LP001422,Female,No,0,Graduate,No,10408.0,0.0,259.0,360.0,1.0,Urban,0.0,Has Credit History,10408.0,259000.0,24.884704073789393,40,18,10,17,89.5,High
LP001426,Male,Yes,0,Graduate,No,5667.0,2667.0,180.0,360.0,1.0,Rural,0.0,Has Credit History,8334.0,180000.0,21.598272138228943,40,18,10,20,92.6,High
LP001430,Female,No,0,Graduate,No,4166.0,0.0,44.0,360.0,1.0,Semiurban,0.0,Has Credit History,4166.0,44000.0,10.56168987037926,40,25,10,17,96.8,High
LP001431,Female,No,0,Graduate,No,2137.0,8980.0,137.0,360.0,0.0,Semiurban,0.0,No Credit History,11117.0,137000.0,12.32346856166232,8,25,10,17,63.2,Medium
LP001432,Male,Yes,2,Graduate,No,2957.0,0.0,81.0,360.0,1.0,Semiurban,2.0,Has Credit History,2957.0,81000.0,27.392627663172135,40,10,10,17,81.1,High
LP001439,Male,Yes,0,Not Graduate,No,4300.0,2014.0,194.0,360.0,1.0,Rural,0.0,Has Credit History,6314.0,194000.0,30.725372188786825,40,10,10,17,81.1,High
LP001443,Female,No,0,Graduate,No,3692.0,0.0,93.0,360.0,,Rural,0.0,Unknown/Not on File,3692.0,93000.0,25.189599133261105,20,18,10,17,68.4,Medium
LP001448,Male,Yes,3+,Graduate,No,23803.0,0.0,370.0,360.0,1.0,Rural,3.0,Has Credit History,23803.0,370000.0,15.544259127000798,40,25,10,17,96.8,High
LP001449,Male,No,0,Graduate,No,3865.0,1640.0,126.0,360.0,1.0,Rural,0.0,Has Credit History,5505.0,126000.0,22.888283378746593,40,18,10,17,89.5,High
LP001451,Male,Yes,1,Graduate,Yes,10513.0,3850.0,160.0,180.0,0.0,Urban,1.0,No Credit History,14363.0,160000.0,11.139734038849822,8,25,6,15,56.8,Medium
LP001465,Male,Yes,0,Graduate,No,6080.0,2569.0,182.0,360.0,,Rural,0.0,Unknown/Not on File,8649.0,182000.0,21.042895132385247,20,18,10,20,71.6,High
LP001469,Male,No,0,Graduate,Yes,20166.0,0.0,650.0,480.0,,Urban,0.0,Unknown/Not on File,20166.0,650000.0,32.2324704948924,20,10,6,17,55.8,Medium
LP001473,Male,No,0,Graduate,No,2014.0,1929.0,74.0,360.0,1.0,Urban,0.0,Has Credit History,3943.0,74000.0,18.76743596246513,40,18,10,17,89.5,High
LP001478,Male,No,0,Graduate,No,2718.0,0.0,70.0,360.0,1.0,Semiurban,0.0,Has Credit History,2718.0,70000.0,25.754231052244297,40,18,10,17,89.5,High
LP001482,Male,Yes,0,Graduate,Yes,3459.0,0.0,25.0,120.0,1.0,Semiurban,0.0,Has Credit History,3459.0,25000.0,7.227522405319457,40,25,6,18,93.7,High
LP001487,Male,No,0,Graduate,No,4895.0,0.0,102.0,360.0,1.0,Semiurban,0.0,Has Credit History,4895.0,102000.0,20.83758937691522,40,18,10,17,89.5,High
LP001488,Male,Yes,3+,Graduate,No,4000.0,7750.0,290.0,360.0,1.0,Semiurban,3.0,Has Credit History,11750.0,290000.0,24.680851063829788,40,18,10,17,89.5,High
LP001489,Female,Yes,0,Graduate,No,4583.0,0.0,84.0,360.0,1.0,Rural,0.0,Has Credit History,4583.0,84000.0,18.328605716779403,40,18,10,20,92.6,High
LP001491,Male,Yes,2,Graduate,Yes,3316.0,3500.0,88.0,360.0,1.0,Urban,2.0,Has Credit History,6816.0,88000.0,12.910798122065728,40,25,6,17,92.6,High
LP001492,Male,No,0,Graduate,No,14999.0,0.0,242.0,360.0,0.0,Semiurban,0.0,No Credit History,14999.0,242000.0,16.134408960597373,8,25,10,17,63.2,Medium
LP001493,Male,Yes,2,Not Graduate,No,4200.0,1430.0,129.0,360.0,1.0,Rural,2.0,Has Credit History,5630.0,129000.0,22.912966252220247,40,18,10,14,86.3,High
LP001497,Male,Yes,2,Graduate,No,5042.0,2083.0,185.0,360.0,1.0,Rural,2.0,Has Credit History,7125.0,185000.0,25.964912280701753,40,18,10,17,89.5,High
LP001498,Male,No,0,Graduate,No,5417.0,0.0,168.0,360.0,1.0,Urban,0.0,Has Credit History,5417.0,168000.0,31.013476093778845,40,10,10,17,81.1,High
LP001504,Male,No,0,Graduate,Yes,6950.0,0.0,175.0,180.0,1.0,Semiurban,0.0,Has Credit History,6950.0,175000.0,25.179856115107913,40,18,6,15,83.2,High
LP001507,Male,Yes,0,Graduate,No,2698.0,2034.0,122.0,360.0,1.0,Semiurban,0.0,Has Credit History,4732.0,122000.0,25.78191039729501,40,18,10,20,92.6,High
LP001508,Male,Yes,2,Graduate,No,11757.0,0.0,187.0,180.0,1.0,Urban,2.0,Has Credit History,11757.0,187000.0,15.90541804882198,40,25,10,15,94.7,High
LP001514,Female,Yes,0,Graduate,No,2330.0,4486.0,100.0,360.0,1.0,Semiurban,0.0,Has Credit History,6816.0,100000.0,14.671361502347418,40,25,10,20,100.0,High
LP001516,Female,Yes,2,Graduate,No,14866.0,0.0,70.0,360.0,1.0,Urban,2.0,Has Credit History,14866.0,70000.0,4.708731333243644,40,25,10,17,96.8,High
LP001518,Male,Yes,1,Graduate,No,1538.0,1425.0,30.0,360.0,1.0,Urban,1.0,Has Credit History,2963.0,30000.0,10.12487343908201,40,25,10,17,96.8,High
LP001519,Female,No,0,Graduate,No,10000.0,1666.0,225.0,360.0,1.0,Rural,0.0,Has Credit History,11666.0,225000.0,19.286816389507973,40,18,10,17,89.5,High
LP001520,Male,Yes,0,Graduate,No,4860.0,830.0,125.0,360.0,1.0,Semiurban,0.0,Has Credit History,5690.0,125000.0,21.968365553602812,40,18,10,20,92.6,High
LP001528,Male,No,0,Graduate,No,6277.0,0.0,118.0,360.0,0.0,Rural,0.0,No Credit History,6277.0,118000.0,18.798789230524136,8,18,10,17,55.8,Medium
LP001529,Male,Yes,0,Graduate,Yes,2577.0,3750.0,152.0,360.0,1.0,Rural,0.0,Has Credit History,6327.0,152000.0,24.024024024024023,40,18,6,20,88.4,High
LP001531,Male,No,0,Graduate,No,9166.0,0.0,244.0,360.0,1.0,Urban,0.0,Has Credit History,9166.0,244000.0,26.62011782675104,40,10,10,17,81.1,High
LP001532,Male,Yes,2,Not Graduate,No,2281.0,0.0,113.0,360.0,1.0,Rural,2.0,Has Credit History,2281.0,113000.0,49.53967558088558,40,3,10,14,70.5,High
LP001535,Male,No,0,Graduate,No,3254.0,0.0,50.0,360.0,1.0,Urban,0.0,Has Credit History,3254.0,50000.0,15.365703749231717,40,25,10,17,96.8,High
LP001536,Male,Yes,3+,Graduate,No,39999.0,0.0,600.0,180.0,0.0,Semiurban,3.0,No Credit History,39999.0,600000.0,15.000375009375237,8,25,10,15,61.1,Medium
LP001541,Male,Yes,1,Graduate,No,6000.0,0.0,160.0,360.0,,Rural,1.0,Unknown/Not on File,6000.0,160000.0,26.666666666666668,20,10,10,17,60.0,Medium
LP001543,Male,Yes,1,Graduate,No,9538.0,0.0,187.0,360.0,1.0,Urban,1.0,Has Credit History,9538.0,187000.0,19.605787376808554,40,18,10,17,89.5,High
LP001546,Male,No,0,Graduate,No,2980.0,2083.0,120.0,360.0,1.0,Rural,0.0,Has Credit History,5063.0,120000.0,23.70136282836263,40,18,10,17,89.5,High
LP001552,Male,Yes,0,Graduate,No,4583.0,5625.0,255.0,360.0,1.0,Semiurban,0.0,Has Credit History,10208.0,255000.0,24.980407523510973,40,18,10,20,92.6,High
LP001560,Male,Yes,0,Not Graduate,No,1863.0,1041.0,98.0,360.0,1.0,Semiurban,0.0,Has Credit History,2904.0,98000.0,33.7465564738292,40,10,10,17,81.1,High
LP001562,Male,Yes,0,Graduate,No,7933.0,0.0,275.0,360.0,1.0,Urban,0.0,Has Credit History,7933.0,275000.0,34.665322072355984,40,10,10,20,84.2,High
LP001565,Male,Yes,1,Graduate,No,3089.0,1280.0,121.0,360.0,0.0,Semiurban,1.0,No Credit History,4369.0,121000.0,27.695124742504007,8,10,10,17,47.4,Low
LP001570,Male,Yes,2,Graduate,No,4167.0,1447.0,158.0,360.0,1.0,Rural,2.0,Has Credit History,5614.0,158000.0,28.14392589953687,40,10,10,17,81.1,High
LP001572,Male,Yes,0,Graduate,No,9323.0,0.0,75.0,180.0,1.0,Urban,0.0,Has Credit History,9323.0,75000.0,8.04462083020487,40,25,10,18,97.9,High
LP001574,Male,Yes,0,Graduate,No,3707.0,3166.0,182.0,360.0,1.0,Rural,0.0,Has Credit History,6873.0,182000.0,26.480430670740574,40,10,10,20,84.2,High
LP001577,Female,Yes,0,Graduate,No,4583.0,0.0,112.0,360.0,1.0,Rural,0.0,Has Credit History,4583.0,112000.0,24.43814095570587,40,18,10,20,92.6,High
LP001578,Male,Yes,0,Graduate,No,2439.0,3333.0,129.0,360.0,1.0,Rural,0.0,Has Credit History,5772.0,129000.0,22.34927234927235,40,18,10,20,92.6,High
LP001579,Male,No,0,Graduate,No,2237.0,0.0,63.0,480.0,0.0,Semiurban,0.0,No Credit History,2237.0,63000.0,28.162717925793473,8,10,10,17,47.4,Low
LP001580,Male,Yes,2,Graduate,No,8000.0,0.0,200.0,360.0,1.0,Semiurban,2.0,Has Credit History,8000.0,200000.0,25.0,40,18,10,17,89.5,High
LP001581,Male,Yes,0,Not Graduate,No,1820.0,1769.0,95.0,360.0,1.0,Rural,0.0,Has Credit History,3589.0,95000.0,26.469768737809975,40,10,10,17,81.1,High
LP001585,Male,Yes,3+,Graduate,No,51763.0,0.0,700.0,300.0,1.0,Urban,3.0,Has Credit History,51763.0,700000.0,13.523172922744044,40,25,10,15,94.7,High
LP001586,Male,Yes,3+,Not Graduate,No,3522.0,0.0,81.0,180.0,1.0,Rural,3.0,Has Credit History,3522.0,81000.0,22.998296422487225,40,18,10,12,84.2,High
LP001594,Male,Yes,0,Graduate,No,5708.0,5625.0,187.0,360.0,1.0,Semiurban,0.0,Has Credit History,11333.0,187000.0,16.500485308391422,40,25,10,20,100.0,High
LP001603,Male,Yes,0,Not Graduate,Yes,4344.0,736.0,87.0,360.0,1.0,Semiurban,0.0,Has Credit History,5080.0,87000.0,17.125984251968504,40,25,6,17,92.6,High
LP001606,Male,Yes,0,Graduate,No,3497.0,1964.0,116.0,360.0,1.0,Rural,0.0,Has Credit History,5461.0,116000.0,21.241530855154732,40,18,10,20,92.6,High
LP001608,Male,Yes,2,Graduate,No,2045.0,1619.0,101.0,360.0,1.0,Rural,2.0,Has Credit History,3664.0,101000.0,27.56550218340611,40,10,10,17,81.1,High
LP001610,Male,Yes,3+,Graduate,No,5516.0,11300.0,495.0,360.0,0.0,Semiurban,3.0,No Credit History,16816.0,495000.0,29.436251189343484,8,10,10,17,47.4,Low
LP001616,Male,Yes,1,Graduate,No,3750.0,0.0,116.0,360.0,1.0,Semiurban,1.0,Has Credit History,3750.0,116000.0,30.933333333333337,40,10,10,17,81.1,High
LP001630,Male,No,0,Not Graduate,No,2333.0,1451.0,102.0,480.0,0.0,Urban,0.0,No Credit History,3784.0,102000.0,26.955602536997887,8,10,10,14,44.2,Low
LP001633,Male,Yes,1,Graduate,No,6400.0,7250.0,180.0,360.0,0.0,Urban,1.0,No Credit History,13650.0,180000.0,13.186813186813186,8,25,10,17,63.2,Medium
LP001634,Male,No,0,Graduate,No,1916.0,5063.0,67.0,360.0,,Rural,0.0,Unknown/Not on File,6979.0,67000.0,9.60022925920619,20,25,10,17,75.8,High
LP001636,Male,Yes,0,Graduate,No,4600.0,0.0,73.0,180.0,1.0,Semiurban,0.0,Has Credit History,4600.0,73000.0,15.869565217391305,40,25,10,18,97.9,High
LP001637,Male,Yes,1,Graduate,No,33846.0,0.0,260.0,360.0,1.0,Semiurban,1.0,Has Credit History,33846.0,260000.0,7.68185309933227,40,25,10,17,96.8,High
LP001639,Female,Yes,0,Graduate,No,3625.0,0.0,108.0,360.0,1.0,Semiurban,0.0,Has Credit History,3625.0,108000.0,29.79310344827586,40,10,10,20,84.2,High
LP001640,Male,Yes,0,Graduate,Yes,39147.0,4750.0,120.0,360.0,1.0,Semiurban,0.0,Has Credit History,43897.0,120000.0,2.7336720049206096,40,25,6,20,95.8,High
LP001641,Male,Yes,1,Graduate,Yes,2178.0,0.0,66.0,300.0,0.0,Rural,1.0,No Credit History,2178.0,66000.0,30.303030303030305,8,10,6,15,41.1,Low
LP001643,Male,Yes,0,Graduate,No,2383.0,2138.0,58.0,360.0,,Rural,0.0,Unknown/Not on File,4521.0,58000.0,12.8290201282902,20,25,10,20,78.9,High
LP001644,Male,Yes,0,Graduate,Yes,674.0,5296.0,168.0,360.0,1.0,Rural,0.0,Has Credit History,5970.0,168000.0,28.14070351758794,40,10,6,20,80.0,High
LP001647,Male,Yes,0,Graduate,No,9328.0,0.0,188.0,180.0,1.0,Rural,0.0,Has Credit History,9328.0,188000.0,20.154373927958833,40,18,10,18,90.5,High
LP001653,Male,No,0,Not Graduate,No,4885.0,0.0,48.0,360.0,1.0,Rural,0.0,Has Credit History,4885.0,48000.0,9.825997952917094,40,25,10,14,93.7,High
LP001656,Male,No,0,Graduate,No,12000.0,0.0,164.0,360.0,1.0,Semiurban,0.0,Has Credit History,12000.0,164000.0,13.666666666666666,40,25,10,17,96.8,High
LP001657,Male,Yes,0,Not Graduate,No,6033.0,0.0,160.0,360.0,1.0,Urban,0.0,Has Credit History,6033.0,160000.0,26.52080225426819,40,10,10,17,81.1,High
LP001658,Male,No,0,Graduate,No,3858.0,0.0,76.0,360.0,1.0,Semiurban,0.0,Has Credit History,3858.0,76000.0,19.699326075686884,40,18,10,17,89.5,High
LP001664,Male,No,0,Graduate,No,4191.0,0.0,120.0,360.0,1.0,Rural,0.0,Has Credit History,4191.0,120000.0,28.63278453829635,40,10,10,17,81.1,High
LP001665,Male,Yes,1,Graduate,No,3125.0,2583.0,170.0,360.0,1.0,Semiurban,1.0,Has Credit History,5708.0,170000.0,29.782761037140855,40,10,10,17,81.1,High
LP001666,Male,No,0,Graduate,No,8333.0,3750.0,187.0,360.0,1.0,Rural,0.0,Has Credit History,12083.0,187000.0,15.476289001075893,40,25,10,17,96.8,High
LP001669,Female,No,0,Not Graduate,No,1907.0,2365.0,120.0,360.0,1.0,Urban,0.0,Has Credit History,4272.0,120000.0,28.089887640449437,40,10,10,14,77.9,High
LP001671,Female,Yes,0,Graduate,No,3416.0,2816.0,113.0,360.0,,Semiurban,0.0,Unknown/Not on File,6232.0,113000.0,18.13222079589217,20,18,10,20,71.6,High
LP001673,Male,No,0,Graduate,Yes,11000.0,0.0,83.0,360.0,1.0,Urban,0.0,Has Credit History,11000.0,83000.0,7.545454545454546,40,25,6,17,92.6,High
LP001674,Male,Yes,1,Not Graduate,No,2600.0,2500.0,90.0,360.0,1.0,Semiurban,1.0,Has Credit History,5100.0,90000.0,17.647058823529413,40,25,10,14,93.7,High
LP001677,Male,No,2,Graduate,No,4923.0,0.0,166.0,360.0,0.0,Semiurban,2.0,No Credit History,4923.0,166000.0,33.719276863701,8,10,10,14,44.2,Low
LP001682,Male,Yes,3+,Not Graduate,No,3992.0,0.0,126.0,180.0,1.0,Urban,3.0,Has Credit History,3992.0,126000.0,31.56312625250501,40,10,10,12,75.8,High
LP001688,Male,Yes,1,Not Graduate,No,3500.0,1083.0,135.0,360.0,1.0,Urban,1.0,Has Credit History,4583.0,135000.0,29.456687759109755,40,10,10,14,77.9,High
LP001691,Male,Yes,2,Not Graduate,No,3917.0,0.0,124.0,360.0,1.0,Semiurban,2.0,Has Credit History,3917.0,124000.0,31.65688026550932,40,10,10,14,77.9,High
LP001692,Female,No,0,Not Graduate,No,4408.0,0.0,120.0,360.0,1.0,Semiurban,0.0,Has Credit History,4408.0,120000.0,27.22323049001815,40,10,10,14,77.9,High
LP001693,Female,No,0,Graduate,No,3244.0,0.0,80.0,360.0,1.0,Urban,0.0,Has Credit History,3244.0,80000.0,24.66091245376079,40,18,10,17,89.5,High
LP001698,Male,No,0,Not Graduate,No,3975.0,2531.0,55.0,360.0,1.0,Rural,0.0,Has Credit History,6506.0,55000.0,8.453735013833384,40,25,10,14,93.7,High
LP001699,Male,No,0,Graduate,No,2479.0,0.0,59.0,360.0,1.0,Urban,0.0,Has Credit History,2479.0,59000.0,23.79991932230738,40,18,10,17,89.5,High
LP001702,Male,No,0,Graduate,No,3418.0,0.0,127.0,360.0,1.0,Semiurban,0.0,Has Credit History,3418.0,127000.0,37.15623171445289,40,3,10,17,73.7,High
LP001708,Female,No,0,Graduate,No,10000.0,0.0,214.0,360.0,1.0,Semiurban,0.0,Has Credit History,10000.0,214000.0,21.4,40,18,10,17,89.5,High
LP001711,Male,Yes,3+,Graduate,No,3430.0,1250.0,128.0,360.0,0.0,Semiurban,3.0,No Credit History,4680.0,128000.0,27.35042735042735,8,10,10,17,47.4,Low
LP001713,Male,Yes,1,Graduate,Yes,7787.0,0.0,240.0,360.0,1.0,Urban,1.0,Has Credit History,7787.0,240000.0,30.820598433286246,40,10,6,17,76.8,High
LP001715,Male,Yes,3+,Not Graduate,Yes,5703.0,0.0,130.0,360.0,1.0,Rural,3.0,Has Credit History,5703.0,130000.0,22.79502016482553,40,18,6,14,82.1,High
LP001716,Male,Yes,0,Graduate,No,3173.0,3021.0,137.0,360.0,1.0,Urban,0.0,Has Credit History,6194.0,137000.0,22.118178882789795,40,18,10,20,92.6,High
LP001720,Male,Yes,3+,Not Graduate,No,3850.0,983.0,100.0,360.0,1.0,Semiurban,3.0,Has Credit History,4833.0,100000.0,20.69108214359611,40,18,10,14,86.3,High
LP001722,Male,Yes,0,Graduate,No,150.0,1800.0,135.0,360.0,1.0,Rural,0.0,Has Credit History,1950.0,135000.0,69.23076923076923,40,3,10,20,76.8,High
LP001726,Male,Yes,0,Graduate,No,3727.0,1775.0,131.0,360.0,1.0,Semiurban,0.0,Has Credit History,5502.0,131000.0,23.80952380952381,40,18,10,20,92.6,High
LP001732,Male,Yes,2,Graduate,No,5000.0,0.0,72.0,360.0,0.0,Semiurban,2.0,No Credit History,5000.0,72000.0,14.4,8,25,10,17,63.2,Medium
LP001734,Female,Yes,2,Graduate,No,4283.0,2383.0,127.0,360.0,,Semiurban,2.0,Unknown/Not on File,6666.0,127000.0,19.05190519051905,20,18,10,17,68.4,Medium
LP001736,Male,Yes,0,Graduate,No,2221.0,0.0,60.0,360.0,0.0,Urban,0.0,No Credit History,2221.0,60000.0,27.014858171994597,8,10,10,20,50.5,Medium
LP001743,Male,Yes,2,Graduate,No,4009.0,1717.0,116.0,360.0,1.0,Semiurban,2.0,Has Credit History,5726.0,116000.0,20.258470136220748,40,18,10,17,89.5,High
LP001744,Male,No,0,Graduate,No,2971.0,2791.0,144.0,360.0,1.0,Semiurban,0.0,Has Credit History,5762.0,144000.0,24.99132245748004,40,18,10,17,89.5,High
LP001749,Male,Yes,0,Graduate,No,7578.0,1010.0,175.0,360.0,1.0,Semiurban,0.0,Has Credit History,8588.0,175000.0,20.3772706101537,40,18,10,20,92.6,High
LP001750,Male,Yes,0,Graduate,No,6250.0,0.0,128.0,360.0,1.0,Semiurban,0.0,Has Credit History,6250.0,128000.0,20.48,40,18,10,20,92.6,High
LP001751,Male,Yes,0,Graduate,No,3250.0,0.0,170.0,360.0,1.0,Rural,0.0,Has Credit History,3250.0,170000.0,52.30769230769231,40,3,10,20,76.8,High
LP001754,Male,Yes,0,Not Graduate,Yes,4735.0,0.0,138.0,360.0,1.0,Urban,0.0,Has Credit History,4735.0,138000.0,29.14466737064414,40,10,6,17,76.8,High
LP001758,Male,Yes,2,Graduate,No,6250.0,1695.0,210.0,360.0,1.0,Semiurban,2.0,Has Credit History,7945.0,210000.0,26.431718061674008,40,10,10,17,81.1,High
LP001760,Male,Yes,0,Graduate,No,4758.0,0.0,158.0,480.0,1.0,Semiurban,0.0,Has Credit History,4758.0,158000.0,33.2072299285414,40,10,10,20,84.2,High
LP001761,Male,No,0,Graduate,Yes,6400.0,0.0,200.0,360.0,1.0,Rural,0.0,Has Credit History,6400.0,200000.0,31.25,40,10,6,17,76.8,High
LP001765,Male,Yes,1,Graduate,No,2491.0,2054.0,104.0,360.0,1.0,Semiurban,1.0,Has Credit History,4545.0,104000.0,22.882288228822883,40,18,10,17,89.5,High
LP001768,Male,Yes,0,Graduate,No,3716.0,0.0,42.0,180.0,1.0,Rural,0.0,Has Credit History,3716.0,42000.0,11.302475780409042,40,25,10,18,97.9,High
LP001770,Male,No,0,Not Graduate,No,3189.0,2598.0,120.0,360.0,1.0,Rural,0.0,Has Credit History,5787.0,120000.0,20.73613271124935,40,18,10,14,86.3,High
LP001776,Female,No,0,Graduate,No,8333.0,0.0,280.0,360.0,1.0,Semiurban,0.0,Has Credit History,8333.0,280000.0,33.60134405376215,40,10,10,17,81.1,High
LP001778,Male,Yes,1,Graduate,No,3155.0,1779.0,140.0,360.0,1.0,Semiurban,1.0,Has Credit History,4934.0,140000.0,28.37454398054317,40,10,10,17,81.1,High
LP001784,Male,Yes,1,Graduate,No,5500.0,1260.0,170.0,360.0,1.0,Rural,1.0,Has Credit History,6760.0,170000.0,25.14792899408284,40,18,10,17,89.5,High
LP001786,Male,Yes,0,Graduate,No,5746.0,0.0,255.0,360.0,,Urban,0.0,Unknown/Not on File,5746.0,255000.0,44.37869822485207,20,3,10,20,55.8,Medium
LP001788,Female,No,0,Graduate,Yes,3463.0,0.0,122.0,360.0,,Urban,0.0,Unknown/Not on File,3463.0,122000.0,35.229569737222064,20,3,6,17,48.4,Low
LP001790,Female,No,1,Graduate,No,3812.0,0.0,112.0,360.0,1.0,Rural,1.0,Has Credit History,3812.0,112000.0,29.38090241343127,40,10,10,14,77.9,High
LP001792,Male,Yes,1,Graduate,No,3315.0,0.0,96.0,360.0,1.0,Semiurban,1.0,Has Credit History,3315.0,96000.0,28.959276018099548,40,10,10,17,81.1,High
LP001798,Male,Yes,2,Graduate,No,5819.0,5000.0,120.0,360.0,1.0,Rural,2.0,Has Credit History,10819.0,120000.0,11.09159811442832,40,25,10,17,96.8,High
LP001800,Male,Yes,1,Not Graduate,No,2510.0,1983.0,140.0,180.0,1.0,Urban,1.0,Has Credit History,4493.0,140000.0,31.159581571333185,40,10,10,12,75.8,High
LP001806,Male,No,0,Graduate,No,2965.0,5701.0,155.0,60.0,1.0,Urban,0.0,Has Credit History,8666.0,155000.0,17.88599123009462,40,25,10,15,94.7,High
LP001807,Male,Yes,2,Graduate,Yes,6250.0,1300.0,108.0,360.0,1.0,Rural,2.0,Has Credit History,7550.0,108000.0,14.304635761589404,40,25,6,17,92.6,High
LP001811,Male,Yes,0,Not Graduate,No,3406.0,4417.0,123.0,360.0,1.0,Semiurban,0.0,Has Credit History,7823.0,123000.0,15.722868464783332,40,25,10,17,96.8,High
LP001813,Male,No,0,Graduate,Yes,6050.0,4333.0,120.0,180.0,1.0,Urban,0.0,Has Credit History,10383.0,120000.0,11.557353366079168,40,25,6,15,90.5,High
LP001814,Male,Yes,2,Graduate,No,9703.0,0.0,112.0,360.0,1.0,Urban,2.0,Has Credit History,9703.0,112000.0,11.542821807688345,40,25,10,17,96.8,High
LP001819,Male,Yes,1,Not Graduate,No,6608.0,0.0,137.0,180.0,1.0,Urban,1.0,Has Credit History,6608.0,137000.0,20.732445520581113,40,18,10,12,84.2,High
LP001824,Male,Yes,1,Graduate,No,2882.0,1843.0,123.0,480.0,1.0,Semiurban,1.0,Has Credit History,4725.0,123000.0,26.03174603174603,40,10,10,17,81.1,High
LP001825,Male,Yes,0,Graduate,No,1809.0,1868.0,90.0,360.0,1.0,Urban,0.0,Has Credit History,3677.0,90000.0,24.476475387544195,40,18,10,20,92.6,High
LP001835,Male,Yes,0,Not Graduate,No,1668.0,3890.0,201.0,360.0,0.0,Semiurban,0.0,No Credit History,5558.0,201000.0,36.1640878013674,8,3,10,17,40.0,Low
LP001836,Female,No,2,Graduate,No,3427.0,0.0,138.0,360.0,1.0,Urban,2.0,Has Credit History,3427.0,138000.0,40.26845637583892,40,3,10,14,70.5,High
LP001841,Male,No,0,Not Graduate,Yes,2583.0,2167.0,104.0,360.0,1.0,Rural,0.0,Has Credit History,4750.0,104000.0,21.894736842105264,40,18,6,14,82.1,High
LP001843,Male,Yes,1,Not Graduate,No,2661.0,7101.0,279.0,180.0,1.0,Semiurban,1.0,Has Credit History,9762.0,279000.0,28.58020897357099,40,10,10,12,75.8,High
LP001844,Male,No,0,Graduate,Yes,16250.0,0.0,192.0,360.0,0.0,Urban,0.0,No Credit History,16250.0,192000.0,11.815384615384616,8,25,6,17,58.9,Medium
LP001846,Female,No,3+,Graduate,No,3083.0,0.0,255.0,360.0,1.0,Rural,3.0,Has Credit History,3083.0,255000.0,82.71164450210834,40,3,10,14,70.5,High
LP001849,Male,No,0,Not Graduate,No,6045.0,0.0,115.0,360.0,0.0,Rural,0.0,No Credit History,6045.0,115000.0,19.02398676592225,8,18,10,14,52.6,Medium
LP001854,Male,Yes,3+,Graduate,No,5250.0,0.0,94.0,360.0,1.0,Urban,3.0,Has Credit History,5250.0,94000.0,17.904761904761905,40,25,10,17,96.8,High
LP001859,Male,Yes,0,Graduate,No,14683.0,2100.0,304.0,360.0,1.0,Rural,0.0,Has Credit History,16783.0,304000.0,18.113567300244295,40,18,10,20,92.6,High
LP001864,Male,Yes,3+,Not Graduate,No,4931.0,0.0,128.0,360.0,,Semiurban,3.0,Unknown/Not on File,4931.0,128000.0,25.958223484080307,20,18,10,14,65.3,Medium
LP001865,Male,Yes,1,Graduate,No,6083.0,4250.0,330.0,360.0,,Urban,1.0,Unknown/Not on File,10333.0,330000.0,31.93651408109939,20,10,10,17,60.0,Medium
LP001868,Male,No,0,Graduate,No,2060.0,2209.0,134.0,360.0,1.0,Semiurban,0.0,Has Credit History,4269.0,134000.0,31.389084094635745,40,10,10,17,81.1,High
LP001870,Female,No,1,Graduate,No,3481.0,0.0,155.0,36.0,1.0,Semiurban,1.0,Has Credit History,3481.0,155000.0,44.52743464521689,40,3,10,12,68.4,Medium
LP001871,Female,No,0,Graduate,No,7200.0,0.0,120.0,360.0,1.0,Rural,0.0,Has Credit History,7200.0,120000.0,16.666666666666668,40,25,10,17,96.8,High
LP001872,Male,No,0,Graduate,Yes,5166.0,0.0,128.0,360.0,1.0,Semiurban,0.0,Has Credit History,5166.0,128000.0,24.77739063104917,40,18,6,17,85.3,High
LP001875,Male,No,0,Graduate,No,4095.0,3447.0,151.0,360.0,1.0,Rural,0.0,Has Credit History,7542.0,151000.0,20.02121453195439,40,18,10,17,89.5,High
LP001877,Male,Yes,2,Graduate,No,4708.0,1387.0,150.0,360.0,1.0,Semiurban,2.0,Has Credit History,6095.0,150000.0,24.61033634126333,40,18,10,17,89.5,High
LP001882,Male,Yes,3+,Graduate,No,4333.0,1811.0,160.0,360.0,0.0,Urban,3.0,No Credit History,6144.0,160000.0,26.041666666666668,8,10,10,17,47.4,Low
LP001883,Female,No,0,Graduate,No,3418.0,0.0,135.0,360.0,1.0,Rural,0.0,Has Credit History,3418.0,135000.0,39.496781743709775,40,3,10,17,73.7,High
LP001884,Female,No,1,Graduate,No,2876.0,1560.0,90.0,360.0,1.0,Urban,1.0,Has Credit History,4436.0,90000.0,20.288548241659154,40,18,10,14,86.3,High
LP001888,Female,No,0,Graduate,No,3237.0,0.0,30.0,360.0,1.0,Urban,0.0,Has Credit History,3237.0,30000.0,9.267840593141798,40,25,10,17,96.8,High
LP001891,Male,Yes,0,Graduate,No,11146.0,0.0,136.0,360.0,1.0,Urban,0.0,Has Credit History,11146.0,136000.0,12.201686703750225,40,25,10,20,100.0,High
LP001892,Male,No,0,Graduate,No,2833.0,1857.0,126.0,360.0,1.0,Rural,0.0,Has Credit History,4690.0,126000.0,26.86567164179105,40,10,10,17,81.1,High
LP001894,Male,Yes,0,Graduate,No,2620.0,2223.0,150.0,360.0,1.0,Semiurban,0.0,Has Credit History,4843.0,150000.0,30.97253768325418,40,10,10,20,84.2,High
LP001896,Male,Yes,2,Graduate,No,3900.0,0.0,90.0,360.0,1.0,Semiurban,2.0,Has Credit History,3900.0,90000.0,23.076923076923077,40,18,10,17,89.5,High
LP001900,Male,Yes,1,Graduate,No,2750.0,1842.0,115.0,360.0,1.0,Semiurban,1.0,Has Credit History,4592.0,115000.0,25.04355400696864,40,18,10,17,89.5,High
LP001903,Male,Yes,0,Graduate,No,3993.0,3274.0,207.0,360.0,1.0,Semiurban,0.0,Has Credit History,7267.0,207000.0,28.48493188385854,40,10,10,20,84.2,High
LP001904,Male,Yes,0,Graduate,No,3103.0,1300.0,80.0,360.0,1.0,Urban,0.0,Has Credit History,4403.0,80000.0,18.169429934135817,40,18,10,20,92.6,High
LP001907,Male,Yes,0,Graduate,No,14583.0,0.0,436.0,360.0,1.0,Semiurban,0.0,Has Credit History,14583.0,436000.0,29.89782623602825,40,10,10,20,84.2,High
LP001908,Female,Yes,0,Not Graduate,No,4100.0,0.0,124.0,360.0,,Rural,0.0,Unknown/Not on File,4100.0,124000.0,30.24390243902439,20,10,10,17,60.0,Medium
LP001910,Male,No,1,Not Graduate,Yes,4053.0,2426.0,158.0,360.0,0.0,Urban,1.0,No Credit History,6479.0,158000.0,24.38647939496836,8,18,6,11,45.3,Low
LP001914,Male,Yes,0,Graduate,No,3927.0,800.0,112.0,360.0,1.0,Semiurban,0.0,Has Credit History,4727.0,112000.0,23.6936746350751,40,18,10,20,92.6,High
LP001915,Male,Yes,2,Graduate,No,2301.0,985.7999878,78.0,180.0,1.0,Urban,2.0,Has Credit History,3286.7999878,78000.0,23.731288879615956,40,18,10,15,87.4,High
LP001917,Female,No,0,Graduate,No,1811.0,1666.0,54.0,360.0,1.0,Urban,0.0,Has Credit History,3477.0,54000.0,15.530629853321829,40,25,10,17,96.8,High
LP001922,Male,Yes,0,Graduate,No,20667.0,0.0,126.0,360.0,1.0,Rural,0.0,Has Credit History,20667.0,126000.0,6.096675860066773,40,25,10,20,100.0,High
LP001924,Male,No,0,Graduate,No,3158.0,3053.0,89.0,360.0,1.0,Rural,0.0,Has Credit History,6211.0,89000.0,14.32941555305104,40,25,10,17,96.8,High
LP001925,Female,No,0,Graduate,Yes,2600.0,1717.0,99.0,300.0,1.0,Semiurban,0.0,Has Credit History,4317.0,99000.0,22.932592077831828,40,18,6,15,83.2,High
LP001926,Male,Yes,0,Graduate,No,3704.0,2000.0,120.0,360.0,1.0,Rural,0.0,Has Credit History,5704.0,120000.0,21.037868162692845,40,18,10,20,92.6,High
LP001931,Female,No,0,Graduate,No,4124.0,0.0,115.0,360.0,1.0,Semiurban,0.0,Has Credit History,4124.0,115000.0,27.885548011639184,40,10,10,17,81.1,High
LP001935,Male,No,0,Graduate,No,9508.0,0.0,187.0,360.0,1.0,Rural,0.0,Has Credit History,9508.0,187000.0,19.667648296171645,40,18,10,17,89.5,High
LP001936,Male,Yes,0,Graduate,No,3075.0,2416.0,139.0,360.0,1.0,Rural,0.0,Has Credit History,5491.0,139000.0,25.314150427973047,40,18,10,20,92.6,High
LP001938,Male,Yes,2,Graduate,No,4400.0,0.0,127.0,360.0,0.0,Semiurban,2.0,No Credit History,4400.0,127000.0,28.863636363636363,8,10,10,17,47.4,Low
LP001940,Male,Yes,2,Graduate,No,3153.0,1560.0,134.0,360.0,1.0,Urban,2.0,Has Credit History,4713.0,134000.0,28.431996605134735,40,10,10,17,81.1,High
LP001945,Female,No,0,Graduate,No,5417.0,0.0,143.0,480.0,0.0,Urban,0.0,No Credit History,5417.0,143000.0,26.398375484585564,8,10,10,17,47.4,Low
LP001947,Male,Yes,0,Graduate,No,2383.0,3334.0,172.0,360.0,1.0,Semiurban,0.0,Has Credit History,5717.0,172000.0,30.085709288088157,40,10,10,20,84.2,High
LP001949,Male,Yes,3+,Graduate,No,4416.0,1250.0,110.0,360.0,1.0,Urban,3.0,Has Credit History,5666.0,110000.0,19.41404871161313,40,18,10,17,89.5,High
LP001953,Male,Yes,1,Graduate,No,6875.0,0.0,200.0,360.0,1.0,Semiurban,1.0,Has Credit History,6875.0,200000.0,29.09090909090909,40,10,10,17,81.1,High
LP001954,Female,Yes,1,Graduate,No,4666.0,0.0,135.0,360.0,1.0,Urban,1.0,Has Credit History,4666.0,135000.0,28.932704672096015,40,10,10,17,81.1,High
LP001955,Female,No,0,Graduate,No,5000.0,2541.0,151.0,480.0,1.0,Rural,0.0,Has Credit History,7541.0,151000.0,20.023869513327146,40,18,10,17,89.5,High
LP001963,Male,Yes,1,Graduate,No,2014.0,2925.0,113.0,360.0,1.0,Urban,1.0,Has Credit History,4939.0,113000.0,22.87912532901397,40,18,10,17,89.5,High
LP001964,Male,Yes,0,Not Graduate,No,1800.0,2934.0,93.0,360.0,0.0,Urban,0.0,No Credit History,4734.0,93000.0,19.64512040557668,8,18,10,17,55.8,Medium
LP001972,Male,Yes,0,Not Graduate,No,2875.0,1750.0,105.0,360.0,1.0,Semiurban,0.0,Has Credit History,4625.0,105000.0,22.7027027027027,40,18,10,17,89.5,High
LP001974,Female,No,0,Graduate,No,5000.0,0.0,132.0,360.0,1.0,Rural,0.0,Has Credit History,5000.0,132000.0,26.4,40,10,10,17,81.1,High
LP001977,Male,Yes,1,Graduate,No,1625.0,1803.0,96.0,360.0,1.0,Urban,1.0,Has Credit History,3428.0,96000.0,28.004667444574096,40,10,10,17,81.1,High
LP001978,Male,No,0,Graduate,No,4000.0,2500.0,140.0,360.0,1.0,Rural,0.0,Has Credit History,6500.0,140000.0,21.53846153846154,40,18,10,17,89.5,High
LP001990,Male,No,0,Not Graduate,No,2000.0,0.0,126.0,360.0,1.0,Urban,0.0,Has Credit History,2000.0,126000.0,63.0,40,3,10,14,70.5,High
LP001993,Female,No,0,Graduate,No,3762.0,1666.0,135.0,360.0,1.0,Rural,0.0,Has Credit History,5428.0,135000.0,24.871039056742816,40,18,10,17,89.5,High
LP001994,Female,No,0,Graduate,No,2400.0,1863.0,104.0,360.0,0.0,Urban,0.0,No Credit History,4263.0,104000.0,24.39596528266479,8,18,10,17,55.8,Medium
LP001996,Male,No,0,Graduate,No,20233.0,0.0,480.0,360.0,1.0,Rural,0.0,Has Credit History,20233.0,480000.0,23.72361982899224,40,18,10,17,89.5,High
LP001998,Male,Yes,2,Not Graduate,No,7667.0,0.0,185.0,360.0,,Rural,2.0,Unknown/Not on File,7667.0,185000.0,24.129385678883526,20,18,10,14,65.3,Medium
LP002002,Female,No,0,Graduate,No,2917.0,0.0,84.0,360.0,1.0,Semiurban,0.0,Has Credit History,2917.0,84000.0,28.79670894754885,40,10,10,17,81.1,High
LP002004,Male,No,0,Not Graduate,No,2927.0,2405.0,111.0,360.0,1.0,Semiurban,0.0,Has Credit History,5332.0,111000.0,20.817704426106527,40,18,10,14,86.3,High
LP002006,Female,No,0,Graduate,No,2507.0,0.0,56.0,360.0,1.0,Rural,0.0,Has Credit History,2507.0,56000.0,22.337455125648184,40,18,10,17,89.5,High
LP002008,Male,Yes,2,Graduate,Yes,5746.0,0.0,144.0,84.0,,Rural,2.0,Unknown/Not on File,5746.0,144000.0,25.06091193873999,20,18,6,15,62.1,Medium
LP002024,Male,Yes,0,Graduate,No,2473.0,1843.0,159.0,360.0,1.0,Rural,0.0,Has Credit History,4316.0,159000.0,36.83966635773864,40,3,10,20,76.8,High
LP002031,Male,Yes,1,Not Graduate,No,3399.0,1640.0,111.0,180.0,1.0,Urban,1.0,Has Credit History,5039.0,111000.0,22.02818019448303,40,18,10,12,84.2,High
LP002035,Male,Yes,2,Graduate,No,3717.0,0.0,120.0,360.0,1.0,Semiurban,2.0,Has Credit History,3717.0,120000.0,32.28410008071025,40,10,10,17,81.1,High
LP002036,Male,Yes,0,Graduate,No,2058.0,2134.0,88.0,360.0,,Urban,0.0,Unknown/Not on File,4192.0,88000.0,20.99236641221374,20,18,10,20,71.6,High
LP002043,Female,No,1,Graduate,No,3541.0,0.0,112.0,360.0,,Semiurban,1.0,Unknown/Not on File,3541.0,112000.0,31.62948319683705,20,10,10,14,56.8,Medium
LP002050,Male,Yes,1,Graduate,Yes,10000.0,0.0,155.0,360.0,1.0,Rural,1.0,Has Credit History,10000.0,155000.0,15.5,40,25,6,17,92.6,High
LP002051,Male,Yes,0,Graduate,No,2400.0,2167.0,115.0,360.0,1.0,Semiurban,0.0,Has Credit History,4567.0,115000.0,25.18064374863149,40,18,10,20,92.6,High
LP002053,Male,Yes,3+,Graduate,No,4342.0,189.0,124.0,360.0,1.0,Semiurban,3.0,Has Credit History,4531.0,124000.0,27.367027146325313,40,10,10,17,81.1,High
LP002054,Male,Yes,2,Not Graduate,No,3601.0,1590.0,126.0,360.0,1.0,Rural,2.0,Has Credit History,5191.0,126000.0,24.272779811211713,40,18,10,14,86.3,High
LP002055,Female,No,0,Graduate,No,3166.0,2985.0,132.0,360.0,,Rural,0.0,Unknown/Not on File,6151.0,132000.0,21.459925215412127,20,18,10,17,68.4,Medium
LP002065,Male,Yes,3+,Graduate,No,15000.0,0.0,300.0,360.0,1.0,Rural,3.0,Has Credit History,15000.0,300000.0,20.0,40,18,10,17,89.5,High
LP002067,Male,Yes,1,Graduate,Yes,8666.0,4983.0,376.0,360.0,0.0,Rural,1.0,No Credit History,13649.0,376000.0,27.547805700051285,8,10,6,17,43.2,Low
LP002068,Male,No,0,Graduate,No,4917.0,0.0,130.0,360.0,0.0,Rural,0.0,No Credit History,4917.0,130000.0,26.438885499288183,8,10,10,17,47.4,Low
LP002082,Male,Yes,0,Graduate,Yes,5818.0,2160.0,184.0,360.0,1.0,Semiurban,0.0,Has Credit History,7978.0,184000.0,23.063424417147154,40,18,6,20,88.4,High
LP002086,Female,Yes,0,Graduate,No,4333.0,2451.0,110.0,360.0,1.0,Urban,0.0,Has Credit History,6784.0,110000.0,16.214622641509433,40,25,10,20,100.0,High
LP002087,Female,No,0,Graduate,No,2500.0,0.0,67.0,360.0,1.0,Urban,0.0,Has Credit History,2500.0,67000.0,26.8,40,10,10,17,81.1,High
LP002097,Male,No,1,Graduate,No,4384.0,1793.0,117.0,360.0,1.0,Urban,1.0,Has Credit History,6177.0,117000.0,18.94123360854784,40,18,10,14,86.3,High
LP002098,Male,No,0,Graduate,No,2935.0,0.0,98.0,360.0,1.0,Semiurban,0.0,Has Credit History,2935.0,98000.0,33.3901192504259,40,10,10,17,81.1,High
LP002100,Male,No,0,Graduate,No,2833.0,0.0,71.0,360.0,1.0,Urban,0.0,Has Credit History,2833.0,71000.0,25.061771973173315,40,18,10,17,89.5,High
LP002101,Male,Yes,0,Graduate,No,63337.0,0.0,490.0,180.0,1.0,Urban,0.0,Has Credit History,63337.0,490000.0,7.736394208756336,40,25,10,18,97.9,High
LP002103,Male,Yes,1,Graduate,Yes,9833.0,1833.0,182.0,180.0,1.0,Urban,1.0,Has Credit History,11666.0,182000.0,15.600891479513114,40,25,6,15,90.5,High
LP002106,Male,Yes,0,Graduate,Yes,5503.0,4490.0,70.0,360.0,1.0,Semiurban,0.0,Has Credit History,9993.0,70000.0,7.004903432402682,40,25,6,20,95.8,High
LP002110,Male,Yes,1,Graduate,No,5250.0,688.0,160.0,360.0,1.0,Rural,1.0,Has Credit History,5938.0,160000.0,26.94509936005389,40,10,10,17,81.1,High
LP002112,Male,Yes,2,Graduate,Yes,2500.0,4600.0,176.0,360.0,1.0,Rural,2.0,Has Credit History,7100.0,176000.0,24.788732394366196,40,18,6,17,85.3,High
LP002113,Female,No,3+,Not Graduate,No,1830.0,0.0,126.0,360.0,0.0,Urban,3.0,No Credit History,1830.0,126000.0,68.85245901639344,8,3,10,11,33.7,Low
LP002114,Female,No,0,Graduate,No,4160.0,0.0,71.0,360.0,1.0,Semiurban,0.0,Has Credit History,4160.0,71000.0,17.067307692307693,40,25,10,17,96.8,High
LP002115,Male,Yes,3+,Not Graduate,No,2647.0,1587.0,173.0,360.0,1.0,Rural,3.0,Has Credit History,4234.0,173000.0,40.85970713273501,40,3,10,14,70.5,High
LP002116,Female,No,0,Graduate,No,2378.0,0.0,46.0,360.0,1.0,Rural,0.0,Has Credit History,2378.0,46000.0,19.343986543313708,40,18,10,17,89.5,High
LP002119,Male,Yes,1,Not Graduate,No,4554.0,1229.0,158.0,360.0,1.0,Urban,1.0,Has Credit History,5783.0,158000.0,27.3214594501124,40,10,10,14,77.9,High
LP002126,Male,Yes,3+,Not Graduate,No,3173.0,0.0,74.0,360.0,1.0,Semiurban,3.0,Has Credit History,3173.0,74000.0,23.321777497636305,40,18,10,14,86.3,High
LP002128,Male,Yes,2,Graduate,No,2583.0,2330.0,125.0,360.0,1.0,Rural,2.0,Has Credit History,4913.0,125000.0,25.4427030327702,40,18,10,17,89.5,High
LP002129,Male,Yes,0,Graduate,No,2499.0,2458.0,160.0,360.0,1.0,Semiurban,0.0,Has Credit History,4957.0,160000.0,32.27758725035304,40,10,10,20,84.2,High
LP002130,Male,Yes,0,Not Graduate,No,3523.0,3230.0,152.0,360.0,0.0,Rural,0.0,No Credit History,6753.0,152000.0,22.50851473419221,8,18,10,17,55.8,Medium
LP002131,Male,Yes,2,Not Graduate,No,3083.0,2168.0,126.0,360.0,1.0,Urban,2.0,Has Credit History,5251.0,126000.0,23.995429442011044,40,18,10,14,86.3,High
LP002137,Male,Yes,0,Graduate,No,6333.0,4583.0,259.0,360.0,,Semiurban,0.0,Unknown/Not on File,10916.0,259000.0,23.72663979479663,20,18,10,20,71.6,High
LP002138,Male,Yes,0,Graduate,No,2625.0,6250.0,187.0,360.0,1.0,Rural,0.0,Has Credit History,8875.0,187000.0,21.070422535211268,40,18,10,20,92.6,High
LP002139,Male,Yes,0,Graduate,No,9083.0,0.0,228.0,360.0,1.0,Semiurban,0.0,Has Credit History,9083.0,228000.0,25.101838599581637,40,18,10,20,92.6,High
LP002140,Male,No,0,Graduate,No,8750.0,4167.0,308.0,360.0,1.0,Rural,0.0,Has Credit History,12917.0,308000.0,23.84454594720136,40,18,10,17,89.5,High
LP002141,Male,Yes,3+,Graduate,No,2666.0,2083.0,95.0,360.0,1.0,Rural,3.0,Has Credit History,4749.0,95000.0,20.00421141292904,40,18,10,17,89.5,High
LP002142,Female,Yes,0,Graduate,Yes,5500.0,0.0,105.0,360.0,0.0,Rural,0.0,No Credit History,5500.0,105000.0,19.09090909090909,8,18,6,20,54.7,Medium
LP002143,Female,Yes,0,Graduate,No,2423.0,505.0,130.0,360.0,1.0,Semiurban,0.0,Has Credit History,2928.0,130000.0,44.39890710382514,40,3,10,20,76.8,High
LP002144,Female,No,0,Graduate,No,3813.0,0.0,116.0,180.0,1.0,Urban,0.0,Has Credit History,3813.0,116000.0,30.42223970626803,40,10,10,15,78.9,High
LP002149,Male,Yes,2,Graduate,No,8333.0,3167.0,165.0,360.0,1.0,Rural,2.0,Has Credit History,11500.0,165000.0,14.347826086956522,40,25,10,17,96.8,High
LP002151,Male,Yes,1,Graduate,No,3875.0,0.0,67.0,360.0,1.0,Urban,1.0,Has Credit History,3875.0,67000.0,17.29032258064516,40,25,10,17,96.8,High
LP002158,Male,Yes,0,Not Graduate,No,3000.0,1666.0,100.0,480.0,0.0,Urban,0.0,No Credit History,4666.0,100000.0,21.43163309044149,8,18,10,17,55.8,Medium
LP002160,Male,Yes,3+,Graduate,No,5167.0,3167.0,200.0,360.0,1.0,Semiurban,3.0,Has Credit History,8334.0,200000.0,23.99808015358771,40,18,10,17,89.5,High
LP002161,Female,No,1,Graduate,No,4723.0,0.0,81.0,360.0,1.0,Semiurban,1.0,Has Credit History,4723.0,81000.0,17.150116451408003,40,25,10,14,93.7,High
LP002170,Male,Yes,2,Graduate,No,5000.0,3667.0,236.0,360.0,1.0,Semiurban,2.0,Has Credit History,8667.0,236000.0,27.229721933771778,40,10,10,17,81.1,High
LP002175,Male,Yes,0,Graduate,No,4750.0,2333.0,130.0,360.0,1.0,Urban,0.0,Has Credit History,7083.0,130000.0,18.35380488493576,40,18,10,20,92.6,High
LP002178,Male,Yes,0,Graduate,No,3013.0,3033.0,95.0,300.0,,Urban,0.0,Unknown/Not on File,6046.0,95000.0,15.7128680119087,20,25,10,18,76.8,High
LP002180,Male,No,0,Graduate,Yes,6822.0,0.0,141.0,360.0,1.0,Rural,0.0,Has Credit History,6822.0,141000.0,20.668425681618295,40,18,6,17,85.3,High
LP002181,Male,No,0,Not Graduate,No,6216.0,0.0,133.0,360.0,1.0,Rural,0.0,Has Credit History,6216.0,133000.0,21.3963963963964,40,18,10,14,86.3,High
LP002187,Male,No,0,Graduate,No,2500.0,0.0,96.0,480.0,1.0,Semiurban,0.0,Has Credit History,2500.0,96000.0,38.4,40,3,10,17,73.7,High
LP002188,Male,No,0,Graduate,No,5124.0,0.0,124.0,360.0,0.0,Rural,0.0,No Credit History,5124.0,124000.0,24.19984387197502,8,18,10,17,55.8,Medium
LP002190,Male,Yes,1,Graduate,No,6325.0,0.0,175.0,360.0,1.0,Semiurban,1.0,Has Credit History,6325.0,175000.0,27.66798418972332,40,10,10,17,81.1,High
LP002191,Male,Yes,0,Graduate,No,19730.0,5266.0,570.0,360.0,1.0,Rural,0.0,Has Credit History,24996.0,570000.0,22.8036485837734,40,18,10,20,92.6,High
LP002194,Female,No,0,Graduate,Yes,15759.0,0.0,55.0,360.0,1.0,Semiurban,0.0,Has Credit History,15759.0,55000.0,3.490069166825306,40,25,6,17,92.6,High
LP002197,Male,Yes,2,Graduate,No,5185.0,0.0,155.0,360.0,1.0,Semiurban,2.0,Has Credit History,5185.0,155000.0,29.89392478302797,40,10,10,17,81.1,High
LP002201,Male,Yes,2,Graduate,Yes,9323.0,7873.0,380.0,300.0,1.0,Rural,2.0,Has Credit History,17196.0,380000.0,22.09816236334031,40,18,6,15,83.2,High
LP002205,Male,No,1,Graduate,No,3062.0,1987.0,111.0,180.0,0.0,Urban,1.0,No Credit History,5049.0,111000.0,21.984551396316103,8,18,10,12,50.5,Medium
LP002209,Female,No,0,Graduate,No,2764.0,1459.0,110.0,360.0,1.0,Urban,0.0,Has Credit History,4223.0,110000.0,26.04783329386692,40,10,10,17,81.1,High
LP002211,Male,Yes,0,Graduate,No,4817.0,923.0,120.0,180.0,1.0,Urban,0.0,Has Credit History,5740.0,120000.0,20.905923344947738,40,18,10,18,90.5,High
LP002219,Male,Yes,3+,Graduate,No,8750.0,4996.0,130.0,360.0,1.0,Rural,3.0,Has Credit History,13746.0,130000.0,9.457296668121636,40,25,10,17,96.8,High
LP002223,Male,Yes,0,Graduate,No,4310.0,0.0,130.0,360.0,,Semiurban,0.0,Unknown/Not on File,4310.0,130000.0,30.16241299303944,20,10,10,20,63.2,Medium
LP002224,Male,No,0,Graduate,No,3069.0,0.0,71.0,480.0,1.0,Urban,0.0,Has Credit History,3069.0,71000.0,23.134571521668295,40,18,10,17,89.5,High
LP002225,Male,Yes,2,Graduate,No,5391.0,0.0,130.0,360.0,1.0,Urban,2.0,Has Credit History,5391.0,130000.0,24.114264514932295,40,18,10,17,89.5,High
LP002226,Male,Yes,0,Graduate,No,3333.0,2500.0,128.0,360.0,1.0,Semiurban,0.0,Has Credit History,5833.0,128000.0,21.944111092062403,40,18,10,20,92.6,High
LP002229,Male,No,0,Graduate,No,5941.0,4232.0,296.0,360.0,1.0,Semiurban,0.0,Has Credit History,10173.0,296000.0,29.096628329892855,40,10,10,17,81.1,High
LP002231,Female,No,0,Graduate,No,6000.0,0.0,156.0,360.0,1.0,Urban,0.0,Has Credit History,6000.0,156000.0,26.0,40,18,10,17,89.5,High
LP002234,Male,No,0,Graduate,Yes,7167.0,0.0,128.0,360.0,1.0,Urban,0.0,Has Credit History,7167.0,128000.0,17.859634435607646,40,25,6,17,92.6,High
LP002236,Male,Yes,2,Graduate,No,4566.0,0.0,100.0,360.0,1.0,Urban,2.0,Has Credit History,4566.0,100000.0,21.901007446342533,40,18,10,17,89.5,High
LP002237,Male,No,1,Graduate,No,3667.0,0.0,113.0,180.0,1.0,Urban,1.0,Has Credit History,3667.0,113000.0,30.815380419961823,40,10,10,12,75.8,High
LP002239,Male,No,0,Not Graduate,No,2346.0,1600.0,132.0,360.0,1.0,Semiurban,0.0,Has Credit History,3946.0,132000.0,33.45159655347187,40,10,10,14,77.9,High
LP002243,Male,Yes,0,Not Graduate,No,3010.0,3136.0,126.0,360.0,0.0,Urban,0.0,No Credit History,6146.0,126000.0,20.50113895216401,8,18,10,17,55.8,Medium
LP002244,Male,Yes,0,Graduate,No,2333.0,2417.0,136.0,360.0,1.0,Urban,0.0,Has Credit History,4750.0,136000.0,28.63157894736842,40,10,10,20,84.2,High
LP002250,Male,Yes,0,Graduate,No,5488.0,0.0,125.0,360.0,1.0,Rural,0.0,Has Credit History,5488.0,125000.0,22.776967930029155,40,18,10,20,92.6,High
LP002255,Male,No,3+,Graduate,No,9167.0,0.0,185.0,360.0,1.0,Rural,3.0,Has Credit History,9167.0,185000.0,20.18108432420639,40,18,10,14,86.3,High
LP002262,Male,Yes,3+,Graduate,No,9504.0,0.0,275.0,360.0,1.0,Rural,3.0,Has Credit History,9504.0,275000.0,28.935185185185187,40,10,10,17,81.1,High
LP002263,Male,Yes,0,Graduate,No,2583.0,2115.0,120.0,360.0,,Urban,0.0,Unknown/Not on File,4698.0,120000.0,25.54278416347382,20,18,10,20,71.6,High
LP002265,Male,Yes,2,Not Graduate,No,1993.0,1625.0,113.0,180.0,1.0,Semiurban,2.0,Has Credit History,3618.0,113000.0,31.232725262576007,40,10,10,12,75.8,High
LP002266,Male,Yes,2,Graduate,No,3100.0,1400.0,113.0,360.0,1.0,Urban,2.0,Has Credit History,4500.0,113000.0,25.11111111111111,40,18,10,17,89.5,High
LP002272,Male,Yes,2,Graduate,No,3276.0,484.0,135.0,360.0,,Semiurban,2.0,Unknown/Not on File,3760.0,135000.0,35.90425531914894,20,3,10,17,52.6,Medium
LP002277,Female,No,0,Graduate,No,3180.0,0.0,71.0,360.0,0.0,Urban,0.0,No Credit History,3180.0,71000.0,22.32704402515723,8,18,10,17,55.8,Medium
LP002281,Male,Yes,0,Graduate,No,3033.0,1459.0,95.0,360.0,1.0,Urban,0.0,Has Credit History,4492.0,95000.0,21.148708815672308,40,18,10,20,92.6,High
LP002284,Male,No,0,Not Graduate,No,3902.0,1666.0,109.0,360.0,1.0,Rural,0.0,Has Credit History,5568.0,109000.0,19.576149425287355,40,18,10,14,86.3,High
LP002287,Female,No,0,Graduate,No,1500.0,1800.0,103.0,360.0,0.0,Semiurban,0.0,No Credit History,3300.0,103000.0,31.21212121212121,8,10,10,17,47.4,Low
LP002288,Male,Yes,2,Not Graduate,No,2889.0,0.0,45.0,180.0,0.0,Urban,2.0,No Credit History,2889.0,45000.0,15.576323987538942,8,25,10,12,57.9,Medium
LP002296,Male,No,0,Not Graduate,No,2755.0,0.0,65.0,300.0,1.0,Rural,0.0,Has Credit History,2755.0,65000.0,23.593466424682397,40,18,10,12,84.2,High
LP002297,Male,No,0,Graduate,No,2500.0,20000.0,103.0,360.0,1.0,Semiurban,0.0,Has Credit History,22500.0,103000.0,4.5777777777777775,40,25,10,17,96.8,High
LP002300,Female,No,0,Not Graduate,No,1963.0,0.0,53.0,360.0,1.0,Semiurban,0.0,Has Credit History,1963.0,53000.0,26.999490575649517,40,10,10,14,77.9,High
LP002301,Female,No,0,Graduate,Yes,7441.0,0.0,194.0,360.0,1.0,Rural,0.0,Has Credit History,7441.0,194000.0,26.071764547775835,40,10,6,17,76.8,High
LP002305,Female,No,0,Graduate,No,4547.0,0.0,115.0,360.0,1.0,Semiurban,0.0,Has Credit History,4547.0,115000.0,25.29140092368595,40,18,10,17,89.5,High
LP002308,Male,Yes,0,Not Graduate,No,2167.0,2400.0,115.0,360.0,1.0,Urban,0.0,Has Credit History,4567.0,115000.0,25.18064374863149,40,18,10,17,89.5,High
LP002314,Female,No,0,Not Graduate,No,2213.0,0.0,66.0,360.0,1.0,Rural,0.0,Has Credit History,2213.0,66000.0,29.8237686398554,40,10,10,14,77.9,High
LP002315,Male,Yes,1,Graduate,No,8300.0,0.0,152.0,300.0,0.0,Semiurban,1.0,No Credit History,8300.0,152000.0,18.313253012048193,8,18,10,15,53.7,Medium
LP002317,Male,Yes,3+,Graduate,No,81000.0,0.0,360.0,360.0,0.0,Rural,3.0,No Credit History,81000.0,360000.0,4.444444444444445,8,25,10,17,63.2,Medium
LP002318,Female,No,1,Not Graduate,Yes,3867.0,0.0,62.0,360.0,1.0,Semiurban,1.0,Has Credit History,3867.0,62000.0,16.03310059477631,40,25,6,11,86.3,High
LP002319,Male,Yes,0,Graduate,No,6256.0,0.0,160.0,360.0,,Urban,0.0,Unknown/Not on File,6256.0,160000.0,25.57544757033248,20,18,10,20,71.6,High
LP002328,Male,Yes,0,Not Graduate,No,6096.0,0.0,218.0,360.0,0.0,Rural,0.0,No Credit History,6096.0,218000.0,35.76115485564304,8,3,10,17,40.0,Low
LP002332,Male,Yes,0,Not Graduate,No,2253.0,2033.0,110.0,360.0,1.0,Rural,0.0,Has Credit History,4286.0,110000.0,25.664955669622024,40,18,10,17,89.5,High
LP002335,Female,Yes,0,Not Graduate,No,2149.0,3237.0,178.0,360.0,0.0,Semiurban,0.0,No Credit History,5386.0,178000.0,33.04864463423691,8,10,10,17,47.4,Low
LP002337,Female,No,0,Graduate,No,2995.0,0.0,60.0,360.0,1.0,Urban,0.0,Has Credit History,2995.0,60000.0,20.03338898163606,40,18,10,17,89.5,High
LP002341,Female,No,1,Graduate,No,2600.0,0.0,160.0,360.0,1.0,Urban,1.0,Has Credit History,2600.0,160000.0,61.53846153846154,40,3,10,14,70.5,High
LP002342,Male,Yes,2,Graduate,Yes,1600.0,20000.0,239.0,360.0,1.0,Urban,2.0,Has Credit History,21600.0,239000.0,11.064814814814817,40,25,6,17,92.6,High
LP002345,Male,Yes,0,Graduate,No,1025.0,2773.0,112.0,360.0,1.0,Rural,0.0,Has Credit History,3798.0,112000.0,29.48920484465508,40,10,10,20,84.2,High
LP002347,Male,Yes,0,Graduate,No,3246.0,1417.0,138.0,360.0,1.0,Semiurban,0.0,Has Credit History,4663.0,138000.0,29.59468153549217,40,10,10,20,84.2,High
LP002348,Male,Yes,0,Graduate,No,5829.0,0.0,138.0,360.0,1.0,Rural,0.0,Has Credit History,5829.0,138000.0,23.674729799279465,40,18,10,20,92.6,High
LP002357,Female,No,0,Not Graduate,No,2720.0,0.0,80.0,360.0,0.0,Urban,0.0,No Credit History,2720.0,80000.0,29.41176470588235,8,10,10,14,44.2,Low
LP002361,Male,Yes,0,Graduate,No,1820.0,1719.0,100.0,360.0,1.0,Urban,0.0,Has Credit History,3539.0,100000.0,28.256569652444192,40,10,10,20,84.2,High
LP002362,Male,Yes,1,Graduate,No,7250.0,1667.0,110.0,360.0,0.0,Urban,1.0,No Credit History,8917.0,110000.0,12.33598743972188,8,25,10,17,63.2,Medium
LP002364,Male,Yes,0,Graduate,No,14880.0,0.0,96.0,360.0,1.0,Semiurban,0.0,Has Credit History,14880.0,96000.0,6.451612903225806,40,25,10,20,100.0,High
LP002366,Male,Yes,0,Graduate,No,2666.0,4300.0,121.0,360.0,1.0,Rural,0.0,Has Credit History,6966.0,121000.0,17.37008326155613,40,25,10,20,100.0,High
LP002367,Female,No,1,Not Graduate,No,4606.0,0.0,81.0,360.0,1.0,Rural,1.0,Has Credit History,4606.0,81000.0,17.585757707338253,40,25,10,11,90.5,High
LP002368,Male,Yes,2,Graduate,No,5935.0,0.0,133.0,360.0,1.0,Semiurban,2.0,Has Credit History,5935.0,133000.0,22.40943555181129,40,18,10,17,89.5,High
LP002369,Male,Yes,0,Graduate,No,2920.0,16.12000084,87.0,360.0,1.0,Rural,0.0,Has Credit History,2936.12000084,87000.0,29.630941506174818,40,10,10,20,84.2,High
LP002370,Male,No,0,Not Graduate,No,2717.0,0.0,60.0,180.0,1.0,Urban,0.0,Has Credit History,2717.0,60000.0,22.08317997791682,40,18,10,12,84.2,High
LP002377,Female,No,1,Graduate,Yes,8624.0,0.0,150.0,360.0,1.0,Semiurban,1.0,Has Credit History,8624.0,150000.0,17.393320964749535,40,25,6,14,89.5,High
LP002379,Male,No,0,Graduate,No,6500.0,0.0,105.0,360.0,0.0,Rural,0.0,No Credit History,6500.0,105000.0,16.153846153846153,8,25,10,17,63.2,Medium
LP002386,Male,No,0,Graduate,No,12876.0,0.0,405.0,360.0,1.0,Semiurban,0.0,Has Credit History,12876.0,405000.0,31.453867660764217,40,10,10,17,81.1,High
LP002387,Male,Yes,0,Graduate,No,2425.0,2340.0,143.0,360.0,1.0,Semiurban,0.0,Has Credit History,4765.0,143000.0,30.010493179433368,40,10,10,20,84.2,High
LP002390,Male,No,0,Graduate,No,3750.0,0.0,100.0,360.0,1.0,Urban,0.0,Has Credit History,3750.0,100000.0,26.666666666666668,40,10,10,17,81.1,High
LP002393,Female,Yes,0,Graduate,No,10047.0,0.0,126.0,240.0,1.0,Semiurban,0.0,Has Credit History,10047.0,126000.0,12.541057031949835,40,25,10,18,97.9,High
LP002398,Male,No,0,Graduate,No,1926.0,1851.0,50.0,360.0,1.0,Semiurban,0.0,Has Credit History,3777.0,50000.0,13.238019592268996,40,25,10,17,96.8,High
LP002401,Male,Yes,0,Graduate,No,2213.0,1125.0,126.0,360.0,1.0,Urban,0.0,Has Credit History,3338.0,126000.0,37.74715398442181,40,3,10,20,76.8,High
LP002403,Male,No,0,Graduate,Yes,10416.0,0.0,187.0,360.0,0.0,Urban,0.0,No Credit History,10416.0,187000.0,17.953149001536097,8,25,6,17,58.9,Medium
LP002407,Female,Yes,0,Not Graduate,Yes,7142.0,0.0,138.0,360.0,1.0,Rural,0.0,Has Credit History,7142.0,138000.0,19.322318678241388,40,18,6,17,85.3,High
LP002408,Male,No,0,Graduate,No,3660.0,5064.0,187.0,360.0,1.0,Semiurban,0.0,Has Credit History,8724.0,187000.0,21.435121503897296,40,18,10,17,89.5,High
LP002409,Male,Yes,0,Graduate,No,7901.0,1833.0,180.0,360.0,1.0,Rural,0.0,Has Credit History,9734.0,180000.0,18.491884117526197,40,18,10,20,92.6,High
LP002418,Male,No,3+,Not Graduate,No,4707.0,1993.0,148.0,360.0,1.0,Semiurban,3.0,Has Credit History,6700.0,148000.0,22.08955223880597,40,18,10,11,83.2,High
LP002422,Male,No,1,Graduate,No,37719.0,0.0,152.0,360.0,1.0,Semiurban,1.0,Has Credit History,37719.0,152000.0,4.029799305389856,40,25,10,14,93.7,High
LP002424,Male,Yes,0,Graduate,No,7333.0,8333.0,175.0,300.0,,Rural,0.0,Unknown/Not on File,15666.0,175000.0,11.170688114387849,20,25,10,18,76.8,High
LP002429,Male,Yes,1,Graduate,Yes,3466.0,1210.0,130.0,360.0,1.0,Rural,1.0,Has Credit History,4676.0,130000.0,27.80153977758768,40,10,6,17,76.8,High
LP002434,Male,Yes,2,Not Graduate,No,4652.0,0.0,110.0,360.0,1.0,Rural,2.0,Has Credit History,4652.0,110000.0,23.6457437661221,40,18,10,14,86.3,High
LP002435,Male,Yes,0,Graduate,No,3539.0,1376.0,55.0,360.0,1.0,Rural,0.0,Has Credit History,4915.0,55000.0,11.190233977619531,40,25,10,20,100.0,High
LP002443,Male,Yes,2,Graduate,No,3340.0,1710.0,150.0,360.0,0.0,Rural,2.0,No Credit History,5050.0,150000.0,29.702970297029704,8,10,10,17,47.4,Low
LP002444,Male,No,1,Not Graduate,Yes,2769.0,1542.0,190.0,360.0,,Semiurban,1.0,Unknown/Not on File,4311.0,190000.0,44.07330085826954,20,3,6,11,42.1,Low
LP002446,Male,Yes,2,Not Graduate,No,2309.0,1255.0,125.0,360.0,0.0,Rural,2.0,No Credit History,3564.0,125000.0,35.072951739618404,8,3,10,14,36.8,Low
LP002447,Male,Yes,2,Not Graduate,No,1958.0,1456.0,60.0,300.0,,Urban,2.0,Unknown/Not on File,3414.0,60000.0,17.57469244288225,20,25,10,12,70.5,High
LP002448,Male,Yes,0,Graduate,No,3948.0,1733.0,149.0,360.0,0.0,Rural,0.0,No Credit History,5681.0,149000.0,26.22777679985918,8,10,10,20,50.5,Medium
LP002449,Male,Yes,0,Graduate,No,2483.0,2466.0,90.0,180.0,0.0,Rural,0.0,No Credit History,4949.0,90000.0,18.185492018589613,8,18,10,18,56.8,Medium
LP002453,Male,No,0,Graduate,Yes,7085.0,0.0,84.0,360.0,1.0,Semiurban,0.0,Has Credit History,7085.0,84000.0,11.8560338743825,40,25,6,17,92.6,High
LP002455,Male,Yes,2,Graduate,No,3859.0,0.0,96.0,360.0,1.0,Semiurban,2.0,Has Credit History,3859.0,96000.0,24.876911116869657,40,18,10,17,89.5,High
LP002459,Male,Yes,0,Graduate,No,4301.0,0.0,118.0,360.0,1.0,Urban,0.0,Has Credit History,4301.0,118000.0,27.435480120902117,40,10,10,20,84.2,High
LP002467,Male,Yes,0,Graduate,No,3708.0,2569.0,173.0,360.0,1.0,Urban,0.0,Has Credit History,6277.0,173000.0,27.560936753226063,40,10,10,20,84.2,High
LP002472,Male,No,2,Graduate,No,4354.0,0.0,136.0,360.0,1.0,Rural,2.0,Has Credit History,4354.0,136000.0,31.23564538355535,40,10,10,14,77.9,High
LP002473,Male,Yes,0,Graduate,No,8334.0,0.0,160.0,360.0,1.0,Semiurban,0.0,Has Credit History,8334.0,160000.0,19.19846412287017,40,18,10,20,92.6,High
LP002478,Male,Yes,0,Graduate,Yes,2083.0,4083.0,160.0,360.0,,Semiurban,0.0,Unknown/Not on File,6166.0,160000.0,25.948751216347713,20,18,6,20,67.4,Medium
LP002484,Male,Yes,3+,Graduate,No,7740.0,0.0,128.0,180.0,1.0,Urban,3.0,Has Credit History,7740.0,128000.0,16.537467700258397,40,25,10,15,94.7,High
LP002487,Male,Yes,0,Graduate,No,3015.0,2188.0,153.0,360.0,1.0,Rural,0.0,Has Credit History,5203.0,153000.0,29.40611185854315,40,10,10,20,84.2,High
LP002489,Female,No,1,Not Graduate,No,5191.0,0.0,132.0,360.0,1.0,Semiurban,1.0,Has Credit History,5191.0,132000.0,25.42862646888846,40,18,10,11,83.2,High
LP002493,Male,No,0,Graduate,No,4166.0,0.0,98.0,360.0,0.0,Semiurban,0.0,No Credit History,4166.0,98000.0,23.523763802208354,8,18,10,17,55.8,Medium
LP002494,Male,No,0,Graduate,No,6000.0,0.0,140.0,360.0,1.0,Rural,0.0,Has Credit History,6000.0,140000.0,23.333333333333332,40,18,10,17,89.5,High
LP002500,Male,Yes,3+,Not Graduate,No,2947.0,1664.0,70.0,180.0,0.0,Urban,3.0,No Credit History,4611.0,70000.0,15.181088700932552,8,25,10,12,57.9,Medium
LP002501,Male,Yes,0,Graduate,No,16692.0,0.0,110.0,360.0,1.0,Semiurban,0.0,Has Credit History,16692.0,110000.0,6.589983225497244,40,25,10,20,100.0,High
LP002502,Female,Yes,2,Not Graduate,No,210.0,2917.0,98.0,360.0,1.0,Semiurban,2.0,Has Credit History,3127.0,98000.0,31.33994243684042,40,10,10,14,77.9,High
LP002505,Male,Yes,0,Graduate,No,4333.0,2451.0,110.0,360.0,1.0,Urban,0.0,Has Credit History,6784.0,110000.0,16.214622641509433,40,25,10,20,100.0,High
LP002515,Male,Yes,1,Graduate,Yes,3450.0,2079.0,162.0,360.0,1.0,Semiurban,1.0,Has Credit History,5529.0,162000.0,29.30005425935974,40,10,6,17,76.8,High
LP002517,Male,Yes,1,Not Graduate,No,2653.0,1500.0,113.0,180.0,0.0,Rural,1.0,No Credit History,4153.0,113000.0,27.209246327955693,8,10,10,12,42.1,Low
LP002519,Male,Yes,3+,Graduate,No,4691.0,0.0,100.0,360.0,1.0,Semiurban,3.0,Has Credit History,4691.0,100000.0,21.317416329140908,40,18,10,17,89.5,High
LP002522,Female,No,0,Graduate,Yes,2500.0,0.0,93.0,360.0,,Urban,0.0,Unknown/Not on File,2500.0,93000.0,37.2,20,3,6,17,48.4,Low
LP002524,Male,No,2,Graduate,No,5532.0,4648.0,162.0,360.0,1.0,Rural,2.0,Has Credit History,10180.0,162000.0,15.913555992141454,40,25,10,14,93.7,High
LP002527,Male,Yes,2,Graduate,Yes,16525.0,1014.0,150.0,360.0,1.0,Rural,2.0,Has Credit History,17539.0,150000.0,8.552369006214722,40,25,6,17,92.6,High
LP002529,Male,Yes,2,Graduate,No,6700.0,1750.0,230.0,300.0,1.0,Semiurban,2.0,Has Credit History,8450.0,230000.0,27.2189349112426,40,10,10,15,78.9,High
LP002530,Male,Yes,2,Graduate,No,2873.0,1872.0,132.0,360.0,0.0,Semiurban,2.0,No Credit History,4745.0,132000.0,27.818756585879875,8,10,10,17,47.4,Low
LP002531,Male,Yes,1,Graduate,Yes,16667.0,2250.0,86.0,360.0,1.0,Semiurban,1.0,Has Credit History,18917.0,86000.0,4.546175397790347,40,25,6,17,92.6,High
LP002533,Male,Yes,2,Graduate,No,2947.0,1603.0,126.0,360.0,1.0,Urban,2.0,Has Credit History,4550.0,126000.0,27.692307692307693,40,10,10,17,81.1,High
LP002534,Female,No,0,Not Graduate,No,4350.0,0.0,154.0,360.0,1.0,Rural,0.0,Has Credit History,4350.0,154000.0,35.40229885057471,40,3,10,14,70.5,High
LP002536,Male,Yes,3+,Not Graduate,No,3095.0,0.0,113.0,360.0,1.0,Rural,3.0,Has Credit History,3095.0,113000.0,36.51050080775444,40,3,10,14,70.5,High
LP002537,Male,Yes,0,Graduate,No,2083.0,3150.0,128.0,360.0,1.0,Semiurban,0.0,Has Credit History,5233.0,128000.0,24.460156697878844,40,18,10,20,92.6,High
LP002541,Male,Yes,0,Graduate,No,10833.0,0.0,234.0,360.0,1.0,Semiurban,0.0,Has Credit History,10833.0,234000.0,21.60066463583495,40,18,10,20,92.6,High
LP002543,Male,Yes,2,Graduate,No,8333.0,0.0,246.0,360.0,1.0,Semiurban,2.0,Has Credit History,8333.0,246000.0,29.52118084723389,40,10,10,17,81.1,High
LP002544,Male,Yes,1,Not Graduate,No,1958.0,2436.0,131.0,360.0,1.0,Rural,1.0,Has Credit History,4394.0,131000.0,29.8133818843878,40,10,10,14,77.9,High
LP002545,Male,No,2,Graduate,No,3547.0,0.0,80.0,360.0,0.0,Rural,2.0,No Credit History,3547.0,80000.0,22.554271215111363,8,18,10,14,52.6,Medium
LP002547,Male,Yes,1,Graduate,No,18333.0,0.0,500.0,360.0,1.0,Urban,1.0,Has Credit History,18333.0,500000.0,27.27322314951181,40,10,10,17,81.1,High
LP002555,Male,Yes,2,Graduate,Yes,4583.0,2083.0,160.0,360.0,1.0,Semiurban,2.0,Has Credit History,6666.0,160000.0,24.002400240024,40,18,6,17,85.3,High
LP002556,Male,No,0,Graduate,No,2435.0,0.0,75.0,360.0,1.0,Urban,0.0,Has Credit History,2435.0,75000.0,30.80082135523614,40,10,10,17,81.1,High
LP002560,Male,No,0,Not Graduate,No,2699.0,2785.0,96.0,360.0,,Semiurban,0.0,Unknown/Not on File,5484.0,96000.0,17.505470459518598,20,25,10,14,72.6,High
LP002562,Male,Yes,1,Not Graduate,No,5333.0,1131.0,186.0,360.0,,Urban,1.0,Unknown/Not on File,6464.0,186000.0,28.774752475247524,20,10,10,14,56.8,Medium
LP002571,Male,No,0,Not Graduate,No,3691.0,0.0,110.0,360.0,1.0,Rural,0.0,Has Credit History,3691.0,110000.0,29.802221620157137,40,10,10,14,77.9,High
LP002582,Female,No,0,Not Graduate,Yes,17263.0,0.0,225.0,360.0,1.0,Semiurban,0.0,Has Credit History,17263.0,225000.0,13.033655795632278,40,25,6,14,89.5,High
LP002585,Male,Yes,0,Graduate,No,3597.0,2157.0,119.0,360.0,0.0,Rural,0.0,No Credit History,5754.0,119000.0,20.68126520681265,8,18,10,20,58.9,Medium
LP002586,Female,Yes,1,Graduate,No,3326.0,913.0,105.0,84.0,1.0,Semiurban,1.0,Has Credit History,4239.0,105000.0,24.769992922859164,40,18,10,15,87.4,High
LP002587,Male,Yes,0,Not Graduate,No,2600.0,1700.0,107.0,360.0,1.0,Rural,0.0,Has Credit History,4300.0,107000.0,24.88372093023256,40,18,10,17,89.5,High
LP002588,Male,Yes,0,Graduate,No,4625.0,2857.0,111.0,12.0,,Urban,0.0,Unknown/Not on File,7482.0,111000.0,14.83560545308741,20,25,10,18,76.8,High
LP002600,Male,Yes,1,Graduate,Yes,2895.0,0.0,95.0,360.0,1.0,Semiurban,1.0,Has Credit History,2895.0,95000.0,32.81519861830743,40,10,6,17,76.8,High
LP002602,Male,No,0,Graduate,No,6283.0,4416.0,209.0,360.0,0.0,Rural,0.0,No Credit History,10699.0,209000.0,19.534535937938124,8,18,10,17,55.8,Medium
LP002603,Female,No,0,Graduate,No,645.0,3683.0,113.0,480.0,1.0,Rural,0.0,Has Credit History,4328.0,113000.0,26.109057301293905,40,10,10,17,81.1,High
LP002606,Female,No,0,Graduate,No,3159.0,0.0,100.0,360.0,1.0,Semiurban,0.0,Has Credit History,3159.0,100000.0,31.65558721114277,40,10,10,17,81.1,High
LP002615,Male,Yes,2,Graduate,No,4865.0,5624.0,208.0,360.0,1.0,Semiurban,2.0,Has Credit History,10489.0,208000.0,19.83029840785585,40,18,10,17,89.5,High
LP002618,Male,Yes,1,Not Graduate,No,4050.0,5302.0,138.0,360.0,,Rural,1.0,Unknown/Not on File,9352.0,138000.0,14.756201881950386,20,25,10,14,72.6,High
LP002619,Male,Yes,0,Not Graduate,No,3814.0,1483.0,124.0,300.0,1.0,Semiurban,0.0,Has Credit History,5297.0,124000.0,23.4094770624882,40,18,10,15,87.4,High
LP002622,Male,Yes,2,Graduate,No,3510.0,4416.0,243.0,360.0,1.0,Rural,2.0,Has Credit History,7926.0,243000.0,30.658591975775927,40,10,10,17,81.1,High
LP002624,Male,Yes,0,Graduate,No,20833.0,6667.0,480.0,360.0,,Urban,0.0,Unknown/Not on File,27500.0,480000.0,17.454545454545453,20,25,10,20,78.9,High
LP002625,Male,No,0,Graduate,No,3583.0,0.0,96.0,360.0,1.0,Urban,0.0,Has Credit History,3583.0,96000.0,26.793190064192014,40,10,10,17,81.1,High
LP002626,Male,Yes,0,Graduate,Yes,2479.0,3013.0,188.0,360.0,1.0,Urban,0.0,Has Credit History,5492.0,188000.0,34.23160961398398,40,10,6,20,80.0,High
LP002634,Female,No,1,Graduate,No,13262.0,0.0,40.0,360.0,1.0,Urban,1.0,Has Credit History,13262.0,40000.0,3.0161363293620873,40,25,10,14,93.7,High
LP002637,Male,No,0,Not Graduate,No,3598.0,1287.0,100.0,360.0,1.0,Rural,0.0,Has Credit History,4885.0,100000.0,20.470829068577277,40,18,10,14,86.3,High
LP002640,Male,Yes,1,Graduate,No,6065.0,2004.0,250.0,360.0,1.0,Semiurban,1.0,Has Credit History,8069.0,250000.0,30.982773577890693,40,10,10,17,81.1,High
LP002643,Male,Yes,2,Graduate,No,3283.0,2035.0,148.0,360.0,1.0,Urban,2.0,Has Credit History,5318.0,148000.0,27.83001128243701,40,10,10,17,81.1,High
LP002648,Male,Yes,0,Graduate,No,2130.0,6666.0,70.0,180.0,1.0,Semiurban,0.0,Has Credit History,8796.0,70000.0,7.958162801273306,40,25,10,18,97.9,High
LP002652,Male,No,0,Graduate,No,5815.0,3666.0,311.0,360.0,1.0,Rural,0.0,Has Credit History,9481.0,311000.0,32.80244699926168,40,10,10,17,81.1,High
LP002659,Male,Yes,3+,Graduate,No,3466.0,3428.0,150.0,360.0,1.0,Rural,3.0,Has Credit History,6894.0,150000.0,21.75805047867711,40,18,10,17,89.5,High
LP002670,Female,Yes,2,Graduate,No,2031.0,1632.0,113.0,480.0,1.0,Semiurban,2.0,Has Credit History,3663.0,113000.0,30.84903084903085,40,10,10,17,81.1,High
LP002682,Male,Yes,0,Not Graduate,No,3074.0,1800.0,123.0,360.0,0.0,Semiurban,0.0,No Credit History,4874.0,123000.0,25.235945835043086,8,18,10,17,55.8,Medium
LP002683,Male,No,0,Graduate,No,4683.0,1915.0,185.0,360.0,1.0,Semiurban,0.0,Has Credit History,6598.0,185000.0,28.03879963625341,40,10,10,17,81.1,High
LP002684,Female,No,0,Not Graduate,No,3400.0,0.0,95.0,360.0,1.0,Rural,0.0,Has Credit History,3400.0,95000.0,27.941176470588236,40,10,10,14,77.9,High
LP002689,Male,Yes,2,Not Graduate,No,2192.0,1742.0,45.0,360.0,1.0,Semiurban,2.0,Has Credit History,3934.0,45000.0,11.438739196746312,40,25,10,14,93.7,High
LP002690,Male,No,0,Graduate,No,2500.0,0.0,55.0,360.0,1.0,Semiurban,0.0,Has Credit History,2500.0,55000.0,22.0,40,18,10,17,89.5,High
LP002692,Male,Yes,3+,Graduate,Yes,5677.0,1424.0,100.0,360.0,1.0,Rural,3.0,Has Credit History,7101.0,100000.0,14.08252358822701,40,25,6,17,92.6,High
LP002693,Male,Yes,2,Graduate,Yes,7948.0,7166.0,480.0,360.0,1.0,Rural,2.0,Has Credit History,15114.0,480000.0,31.758634378721716,40,10,6,17,76.8,High
LP002697,Male,No,0,Graduate,No,4680.0,2087.0,126.0,360.0,1.0,Semiurban,0.0,Has Credit History,6767.0,126000.0,18.619772425003696,40,18,10,17,89.5,High
LP002699,Male,Yes,2,Graduate,Yes,17500.0,0.0,400.0,360.0,1.0,Rural,2.0,Has Credit History,17500.0,400000.0,22.857142857142858,40,18,6,17,85.3,High
LP002705,Male,Yes,0,Graduate,No,3775.0,0.0,110.0,360.0,1.0,Semiurban,0.0,Has Credit History,3775.0,110000.0,29.13907284768212,40,10,10,20,84.2,High
LP002706,Male,Yes,1,Not Graduate,No,5285.0,1430.0,161.0,360.0,0.0,Semiurban,1.0,No Credit History,6715.0,161000.0,23.976172747580044,8,18,10,14,52.6,Medium
LP002714,Male,No,1,Not Graduate,No,2679.0,1302.0,94.0,360.0,1.0,Semiurban,1.0,Has Credit History,3981.0,94000.0,23.61215774930922,40,18,10,11,83.2,High
LP002716,Male,No,0,Not Graduate,No,6783.0,0.0,130.0,360.0,1.0,Semiurban,0.0,Has Credit History,6783.0,130000.0,19.165560961226596,40,18,10,14,86.3,High
LP002717,Male,Yes,0,Graduate,No,1025.0,5500.0,216.0,360.0,,Rural,0.0,Unknown/Not on File,6525.0,216000.0,33.10344827586207,20,10,10,20,63.2,Medium
LP002720,Male,Yes,3+,Graduate,No,4281.0,0.0,100.0,360.0,1.0,Urban,3.0,Has Credit History,4281.0,100000.0,23.3590282644242,40,18,10,17,89.5,High
LP002723,Male,No,2,Graduate,No,3588.0,0.0,110.0,360.0,0.0,Rural,2.0,No Credit History,3588.0,110000.0,30.657748049052397,8,10,10,14,44.2,Low
LP002729,Male,No,1,Graduate,No,11250.0,0.0,196.0,360.0,,Semiurban,1.0,Unknown/Not on File,11250.0,196000.0,17.42222222222222,20,25,10,14,72.6,High
LP002731,Female,No,0,Not Graduate,Yes,18165.0,0.0,125.0,360.0,1.0,Urban,0.0,Has Credit History,18165.0,125000.0,6.881365262868153,40,25,6,14,89.5,High
LP002732,Male,No,0,Not Graduate,No,2550.0,2042.0,126.0,360.0,1.0,Rural,0.0,Has Credit History,4592.0,126000.0,27.4390243902439,40,10,10,14,77.9,High
LP002734,Male,Yes,0,Graduate,No,6133.0,3906.0,324.0,360.0,1.0,Urban,0.0,Has Credit History,10039.0,324000.0,32.27413088953083,40,10,10,20,84.2,High
LP002738,Male,No,2,Graduate,No,3617.0,0.0,107.0,360.0,1.0,Semiurban,2.0,Has Credit History,3617.0,107000.0,29.58252695604092,40,10,10,14,77.9,High
LP002739,Male,Yes,0,Not Graduate,No,2917.0,536.0,66.0,360.0,1.0,Rural,0.0,Has Credit History,3453.0,66000.0,19.11381407471764,40,18,10,17,89.5,High
LP002740,Male,Yes,3+,Graduate,No,6417.0,0.0,157.0,180.0,1.0,Rural,3.0,Has Credit History,6417.0,157000.0,24.46626149290946,40,18,10,15,87.4,High
LP002741,Female,Yes,1,Graduate,No,4608.0,2845.0,140.0,180.0,1.0,Semiurban,1.0,Has Credit History,7453.0,140000.0,18.784382128002147,40,18,10,15,87.4,High
LP002743,Female,No,0,Graduate,No,2138.0,0.0,99.0,360.0,0.0,Semiurban,0.0,No Credit History,2138.0,99000.0,46.30495790458372,8,3,10,17,40.0,Low
LP002753,Female,No,1,Graduate,No,3652.0,0.0,95.0,360.0,1.0,Semiurban,1.0,Has Credit History,3652.0,95000.0,26.013143483023,40,10,10,14,77.9,High
LP002755,Male,Yes,1,Not Graduate,No,2239.0,2524.0,128.0,360.0,1.0,Urban,1.0,Has Credit History,4763.0,128000.0,26.873819021625025,40,10,10,14,77.9,High
LP002757,Female,Yes,0,Not Graduate,No,3017.0,663.0,102.0,360.0,,Semiurban,0.0,Unknown/Not on File,3680.0,102000.0,27.717391304347824,20,10,10,17,60.0,Medium
LP002767,Male,Yes,0,Graduate,No,2768.0,1950.0,155.0,360.0,1.0,Rural,0.0,Has Credit History,4718.0,155000.0,32.852903772785076,40,10,10,20,84.2,High
LP002768,Male,No,0,Not Graduate,No,3358.0,0.0,80.0,36.0,1.0,Semiurban,0.0,Has Credit History,3358.0,80000.0,23.823704586063133,40,18,10,12,84.2,High
LP002772,Male,No,0,Graduate,No,2526.0,1783.0,145.0,360.0,1.0,Rural,0.0,Has Credit History,4309.0,145000.0,33.65049895567417,40,10,10,17,81.1,High
LP002776,Female,No,0,Graduate,No,5000.0,0.0,103.0,360.0,0.0,Semiurban,0.0,No Credit History,5000.0,103000.0,20.6,8,18,10,17,55.8,Medium
LP002777,Male,Yes,0,Graduate,No,2785.0,2016.0,110.0,360.0,1.0,Rural,0.0,Has Credit History,4801.0,110000.0,22.911893355550927,40,18,10,20,92.6,High
LP002778,Male,Yes,2,Graduate,Yes,6633.0,0.0,126.0,360.0,0.0,Rural,2.0,No Credit History,6633.0,126000.0,18.99592944369064,8,18,6,17,51.6,Medium
LP002784,Male,Yes,1,Not Graduate,No,2492.0,2375.0,126.0,360.0,1.0,Rural,1.0,Has Credit History,4867.0,126000.0,25.888637764536675,40,18,10,14,86.3,High
LP002785,Male,Yes,1,Graduate,No,3333.0,3250.0,158.0,360.0,1.0,Urban,1.0,Has Credit History,6583.0,158000.0,24.001215251405135,40,18,10,17,89.5,High
LP002788,Male,Yes,0,Not Graduate,No,2454.0,2333.0,181.0,360.0,0.0,Urban,0.0,No Credit History,4787.0,181000.0,37.81073741382912,8,3,10,17,40.0,Low
LP002789,Male,Yes,0,Graduate,No,3593.0,4266.0,132.0,180.0,0.0,Rural,0.0,No Credit History,7859.0,132000.0,16.79603002926581,8,25,10,18,64.2,Medium
LP002792,Male,Yes,1,Graduate,No,5468.0,1032.0,26.0,360.0,1.0,Semiurban,1.0,Has Credit History,6500.0,26000.0,4.0,40,25,10,17,96.8,High
LP002794,Female,No,0,Graduate,No,2667.0,1625.0,84.0,360.0,,Urban,0.0,Unknown/Not on File,4292.0,84000.0,19.5712954333644,20,18,10,17,68.4,Medium
LP002795,Male,Yes,3+,Graduate,Yes,10139.0,0.0,260.0,360.0,1.0,Semiurban,3.0,Has Credit History,10139.0,260000.0,25.64355459118256,40,18,6,17,85.3,High
LP002798,Male,Yes,0,Graduate,No,3887.0,2669.0,162.0,360.0,1.0,Semiurban,0.0,Has Credit History,6556.0,162000.0,24.71018913971934,40,18,10,20,92.6,High
LP002804,Female,Yes,0,Graduate,No,4180.0,2306.0,182.0,360.0,1.0,Semiurban,0.0,Has Credit History,6486.0,182000.0,28.060437866173295,40,10,10,20,84.2,High
LP002807,Male,Yes,2,Not Graduate,No,3675.0,242.0,108.0,360.0,1.0,Semiurban,2.0,Has Credit History,3917.0,108000.0,27.572121521572633,40,10,10,14,77.9,High
LP002813,Female,Yes,1,Graduate,Yes,19484.0,0.0,600.0,360.0,1.0,Semiurban,1.0,Has Credit History,19484.0,600000.0,30.794498049681792,40,10,6,17,76.8,High
LP002820,Male,Yes,0,Graduate,No,5923.0,2054.0,211.0,360.0,1.0,Rural,0.0,Has Credit History,7977.0,211000.0,26.45104675943337,40,10,10,20,84.2,High
LP002821,Male,No,0,Not Graduate,Yes,5800.0,0.0,132.0,360.0,1.0,Semiurban,0.0,Has Credit History,5800.0,132000.0,22.75862068965517,40,18,6,14,82.1,High
LP002832,Male,Yes,2,Graduate,No,8799.0,0.0,258.0,360.0,0.0,Urban,2.0,No Credit History,8799.0,258000.0,29.321513808387316,8,10,10,17,47.4,Low
LP002833,Male,Yes,0,Not Graduate,No,4467.0,0.0,120.0,360.0,,Rural,0.0,Unknown/Not on File,4467.0,120000.0,26.863666890530556,20,10,10,17,60.0,Medium
LP002836,Male,No,0,Graduate,No,3333.0,0.0,70.0,360.0,1.0,Urban,0.0,Has Credit History,3333.0,70000.0,21.002100210021,40,18,10,17,89.5,High
LP002837,Male,Yes,3+,Graduate,No,3400.0,2500.0,123.0,360.0,0.0,Rural,3.0,No Credit History,5900.0,123000.0,20.847457627118644,8,18,10,17,55.8,Medium
LP002840,Female,No,0,Graduate,No,2378.0,0.0,9.0,360.0,1.0,Urban,0.0,Has Credit History,2378.0,9000.0,3.7846930193439863,40,25,10,17,96.8,High
LP002841,Male,Yes,0,Graduate,No,3166.0,2064.0,104.0,360.0,0.0,Urban,0.0,No Credit History,5230.0,104000.0,19.88527724665392,8,18,10,20,58.9,Medium
LP002842,Male,Yes,1,Graduate,No,3417.0,1750.0,186.0,360.0,1.0,Urban,1.0,Has Credit History,5167.0,186000.0,35.99767756918909,40,3,10,17,73.7,High
LP002847,Male,Yes,0,Graduate,No,5116.0,1451.0,165.0,360.0,0.0,Urban,0.0,No Credit History,6567.0,165000.0,25.12562814070352,8,18,10,20,58.9,Medium
LP002855,Male,Yes,2,Graduate,No,16666.0,0.0,275.0,360.0,1.0,Urban,2.0,Has Credit History,16666.0,275000.0,16.500660026401057,40,25,10,17,96.8,High
LP002862,Male,Yes,2,Not Graduate,No,6125.0,1625.0,187.0,480.0,1.0,Semiurban,2.0,Has Credit History,7750.0,187000.0,24.129032258064516,40,18,10,14,86.3,High
LP002863,Male,Yes,3+,Graduate,No,6406.0,0.0,150.0,360.0,1.0,Semiurban,3.0,Has Credit History,6406.0,150000.0,23.415547923821418,40,18,10,17,89.5,High
LP002868,Male,Yes,2,Graduate,No,3159.0,461.0,108.0,84.0,1.0,Urban,2.0,Has Credit History,3620.0,108000.0,29.834254143646408,40,10,10,15,78.9,High
LP002872,Male,Yes,0,Graduate,No,3087.0,2210.0,136.0,360.0,0.0,Semiurban,0.0,No Credit History,5297.0,136000.0,25.674910326599964,8,18,10,20,58.9,Medium
LP002874,Male,No,0,Graduate,No,3229.0,2739.0,110.0,360.0,1.0,Urban,0.0,Has Credit History,5968.0,110000.0,18.431635388739945,40,18,10,17,89.5,High
LP002877,Male,Yes,1,Graduate,No,1782.0,2232.0,107.0,360.0,1.0,Rural,1.0,Has Credit History,4014.0,107000.0,26.65670154459392,40,10,10,17,81.1,High
LP002888,Male,No,0,Graduate,No,3182.0,2917.0,161.0,360.0,1.0,Urban,0.0,Has Credit History,6099.0,161000.0,26.397770126250204,40,10,10,17,81.1,High
LP002892,Male,Yes,2,Graduate,No,6540.0,0.0,205.0,360.0,1.0,Semiurban,2.0,Has Credit History,6540.0,205000.0,31.345565749235472,40,10,10,17,81.1,High
LP002893,Male,No,0,Graduate,No,1836.0,33837.0,90.0,360.0,1.0,Urban,0.0,Has Credit History,35673.0,90000.0,2.5229164914641324,40,25,10,17,96.8,High
LP002894,Female,Yes,0,Graduate,No,3166.0,0.0,36.0,360.0,1.0,Semiurban,0.0,Has Credit History,3166.0,36000.0,11.37081490840177,40,25,10,20,100.0,High
LP002898,Male,Yes,1,Graduate,No,1880.0,0.0,61.0,360.0,,Rural,1.0,Unknown/Not on File,1880.0,61000.0,32.4468085106383,20,10,10,17,60.0,Medium
LP002911,Male,Yes,1,Graduate,No,2787.0,1917.0,146.0,360.0,0.0,Rural,1.0,No Credit History,4704.0,146000.0,31.037414965986393,8,10,10,17,47.4,Low
LP002912,Male,Yes,1,Graduate,No,4283.0,3000.0,172.0,84.0,1.0,Rural,1.0,Has Credit History,7283.0,172000.0,23.61664149388988,40,18,10,15,87.4,High
LP002916,Male,Yes,0,Graduate,No,2297.0,1522.0,104.0,360.0,1.0,Urban,0.0,Has Credit History,3819.0,104000.0,27.232259753862262,40,10,10,20,84.2,High
LP002917,Female,No,0,Not Graduate,No,2165.0,0.0,70.0,360.0,1.0,Semiurban,0.0,Has Credit History,2165.0,70000.0,32.33256351039261,40,10,10,14,77.9,High
LP002925,Male,No,0,Graduate,No,4750.0,0.0,94.0,360.0,1.0,Semiurban,0.0,Has Credit History,4750.0,94000.0,19.789473684210527,40,18,10,17,89.5,High
LP002926,Male,Yes,2,Graduate,Yes,2726.0,0.0,106.0,360.0,0.0,Semiurban,2.0,No Credit History,2726.0,106000.0,38.88481291269259,8,3,6,17,35.8,Low
LP002928,Male,Yes,0,Graduate,No,3000.0,3416.0,56.0,180.0,1.0,Semiurban,0.0,Has Credit History,6416.0,56000.0,8.728179551122194,40,25,10,18,97.9,High
LP002931,Male,Yes,2,Graduate,Yes,6000.0,0.0,205.0,240.0,1.0,Semiurban,2.0,Has Credit History,6000.0,205000.0,34.166666666666664,40,10,6,15,74.7,High
LP002933,Male,No,3+,Graduate,Yes,9357.0,0.0,292.0,360.0,1.0,Semiurban,3.0,Has Credit History,9357.0,292000.0,31.206583306615368,40,10,6,14,73.7,High
LP002936,Male,Yes,0,Graduate,No,3859.0,3300.0,142.0,180.0,1.0,Rural,0.0,Has Credit History,7159.0,142000.0,19.835172510127112,40,18,10,18,90.5,High
LP002938,Male,Yes,0,Graduate,Yes,16120.0,0.0,260.0,360.0,1.0,Urban,0.0,Has Credit History,16120.0,260000.0,16.129032258064516,40,25,6,20,95.8,High
LP002940,Male,No,0,Not Graduate,No,3833.0,0.0,110.0,360.0,1.0,Rural,0.0,Has Credit History,3833.0,110000.0,28.69814766501435,40,10,10,14,77.9,High
LP002941,Male,Yes,2,Not Graduate,Yes,6383.0,1000.0,187.0,360.0,1.0,Rural,2.0,Has Credit History,7383.0,187000.0,25.328457266693757,40,18,6,14,82.1,High
LP002943,Male,No,0,Graduate,No,2987.0,0.0,88.0,360.0,0.0,Semiurban,0.0,No Credit History,2987.0,88000.0,29.46099765651155,8,10,10,17,47.4,Low
LP002945,Male,Yes,0,Graduate,Yes,9963.0,0.0,180.0,360.0,1.0,Rural,0.0,Has Credit History,9963.0,180000.0,18.066847335140015,40,18,6,20,88.4,High
LP002948,Male,Yes,2,Graduate,No,5780.0,0.0,192.0,360.0,1.0,Urban,2.0,Has Credit History,5780.0,192000.0,33.21799307958477,40,10,10,17,81.1,High
LP002949,Female,No,3+,Graduate,No,416.0,41667.0,350.0,180.0,,Urban,3.0,Unknown/Not on File,42083.0,350000.0,8.31689755958463,20,25,10,12,70.5,High
LP002950,Male,Yes,0,Not Graduate,No,2894.0,2792.0,155.0,360.0,1.0,Rural,0.0,Has Credit History,5686.0,155000.0,27.259936686598664,40,10,10,17,81.1,High
LP002953,Male,Yes,3+,Graduate,No,5703.0,0.0,128.0,360.0,1.0,Urban,3.0,Has Credit History,5703.0,128000.0,22.44432754690514,40,18,10,17,89.5,High
LP002958,Male,No,0,Graduate,No,3676.0,4301.0,172.0,360.0,1.0,Rural,0.0,Has Credit History,7977.0,172000.0,21.561990723329572,40,18,10,17,89.5,High
LP002959,Female,Yes,1,Graduate,No,12000.0,0.0,496.0,360.0,1.0,Semiurban,1.0,Has Credit History,12000.0,496000.0,41.333333333333336,40,3,10,17,73.7,High
LP002960,Male,Yes,0,Not Graduate,No,2400.0,3800.0,126.0,180.0,1.0,Urban,0.0,Has Credit History,6200.0,126000.0,20.322580645161292,40,18,10,15,87.4,High
LP002961,Male,Yes,1,Graduate,No,3400.0,2500.0,173.0,360.0,1.0,Semiurban,1.0,Has Credit History,5900.0,173000.0,29.322033898305083,40,10,10,17,81.1,High
LP002964,Male,Yes,2,Not Graduate,No,3987.0,1411.0,157.0,360.0,1.0,Rural,2.0,Has Credit History,5398.0,157000.0,29.084846239347907,40,10,10,14,77.9,High
LP002974,Male,Yes,0,Graduate,No,3232.0,1950.0,108.0,360.0,1.0,Rural,0.0,Has Credit History,5182.0,108000.0,20.841373986877652,40,18,10,20,92.6,High
LP002978,Female,No,0,Graduate,No,2900.0,0.0,71.0,360.0,1.0,Rural,0.0,Has Credit History,2900.0,71000.0,24.482758620689655,40,18,10,17,89.5,High
LP002979,Male,Yes,3+,Graduate,No,4106.0,0.0,40.0,180.0,1.0,Rural,3.0,Has Credit History,4106.0,40000.0,9.74184120798831,40,25,10,15,94.7,High
LP002983,Male,Yes,1,Graduate,No,8072.0,240.0,253.0,360.0,1.0,Urban,1.0,Has Credit History,8312.0,253000.0,30.437921077959576,40,10,10,17,81.1,High
LP002984,Male,Yes,2,Graduate,No,7583.0,0.0,187.0,360.0,1.0,Urban,2.0,Has Credit History,7583.0,187000.0,24.66042463404985,40,18,10,17,89.5,High
LP002990,Female,No,0,Graduate,Yes,4583.0,0.0,133.0,360.0,0.0,Semiurban,0.0,No Credit History,4583.0,133000.0,29.02029238490072,8,10,6,17,43.2,Low
